id_execucao,usuario,consulta,tipo_api,tempo_resposta_ms,tamanho_resposta_kb,status_code,timestamp,observacoes
1,bradfitz,C2,REST,350.64,5.08,200,2025-11-27T23:27:17.448607,OK
2,bradfitz,C2,REST,617.81,5.08,200,2025-11-27T23:27:20.460128,OK
3,bradfitz,C2,REST,759.61,5.08,200,2025-11-27T23:27:22.233654,OK
4,bradfitz,C3,REST,599.53,9.08,200,2025-11-27T23:27:24.658519,OK
5,bradfitz,C2,REST,484.66,0.11,401,2025-11-27T23:27:27.586828,Erro 401
6,bradfitz,C1,REST,1136.1,49.54,200,2025-11-27T23:27:29.763752,OK
7,bradfitz,C2,REST,617.8,0.11,401,2025-11-27T23:27:33.048001,Erro 401
8,bradfitz,C1,REST,635.68,49.54,200,2025-11-27T23:27:36.467319,OK
9,bradfitz,C1,REST,646.71,49.54,200,2025-11-27T23:27:39.129827,OK
10,bradfitz,C3,REST,954.99,9.08,200,2025-11-27T23:27:42.020783,OK
11,bradfitz,C3,REST,379.97,9.08,200,2025-11-27T23:27:43.414189,OK
12,bradfitz,C2,REST,457.58,5.08,200,2025-11-27T23:27:46.164939,OK
13,bradfitz,C1,REST,735.44,49.54,200,2025-11-27T23:27:48.477128,OK
14,bradfitz,C2,REST,873.04,5.08,200,2025-11-27T23:27:51.140198,OK
15,bradfitz,C3,REST,537.09,9.08,200,2025-11-27T23:27:53.754481,OK
16,bradfitz,C1,REST,388.73,49.54,200,2025-11-27T23:27:55.777574,OK
17,bradfitz,C3,REST,403.43,0.11,401,2025-11-27T23:27:57.882180,Erro 401
18,bradfitz,C2,REST,476.2,5.08,200,2025-11-27T23:28:00.614213,OK
19,bradfitz,C2,REST,371.94,0.11,401,2025-11-27T23:28:02.102814,Erro 401
20,bradfitz,C2,REST,553.08,5.08,200,2025-11-27T23:28:04.801053,OK
21,bradfitz,C2,REST,419.6,5.08,200,2025-11-27T23:28:07.063646,OK
22,bradfitz,C3,REST,442.38,9.08,200,2025-11-27T23:28:08.727189,OK
23,bradfitz,C2,REST,507.56,5.08,200,2025-11-27T23:28:11.810922,OK
24,bradfitz,C3,REST,647.49,9.08,200,2025-11-27T23:28:13.705407,OK
25,bradfitz,C3,REST,540.89,9.08,200,2025-11-27T23:28:16.393998,OK
26,bradfitz,C2,REST,465.96,5.08,200,2025-11-27T23:28:19.462513,OK
27,bradfitz,C2,REST,513.25,5.08,200,2025-11-27T23:28:22.573023,OK
28,bradfitz,C1,REST,500.28,49.54,200,2025-11-27T23:28:24.657004,OK
29,bradfitz,C2,REST,563.67,0.11,401,2025-11-27T23:28:26.363178,Erro 401
30,bradfitz,C1,REST,749.67,49.54,200,2025-11-27T23:28:29.257427,OK
31,bradfitz,C3,REST,226.96,0.11,401,2025-11-27T23:28:32.437763,Erro 401
32,bradfitz,C1,REST,618.5,49.54,200,2025-11-27T23:28:35.825399,OK
33,bradfitz,C3,REST,618.69,9.08,200,2025-11-27T23:28:38.589515,OK
34,bradfitz,C2,REST,457.43,5.08,200,2025-11-27T23:28:41.582555,OK
35,bradfitz,C3,REST,458.92,9.08,200,2025-11-27T23:28:44.169307,OK
36,bradfitz,C1,REST,511.03,49.54,200,2025-11-27T23:28:47.599396,OK
37,bradfitz,C1,REST,496.1,49.54,200,2025-11-27T23:28:49.165264,OK
38,bradfitz,C2,REST,379.43,5.08,200,2025-11-27T23:28:50.693915,OK
39,bradfitz,C1,REST,493.94,49.54,200,2025-11-27T23:28:53.456589,OK
40,bradfitz,C1,REST,1541.03,49.54,200,2025-11-27T23:28:56.938868,OK
41,bradfitz,C2,REST,247.38,0.11,401,2025-11-27T23:28:59.119216,Erro 401
42,bradfitz,C1,REST,549.4,49.54,200,2025-11-27T23:29:02.461434,OK
43,bradfitz,C3,REST,399.37,0.11,401,2025-11-27T23:29:04.121884,Erro 401
44,bradfitz,C1,REST,555.68,49.54,200,2025-11-27T23:29:07.011547,OK
45,bradfitz,C2,REST,508.65,5.08,200,2025-11-27T23:29:09.286350,OK
46,bradfitz,C3,REST,528.44,9.08,200,2025-11-27T23:29:12.281444,OK
47,bradfitz,C2,REST,517.56,5.08,200,2025-11-27T23:29:14.260081,OK
48,bradfitz,C1,REST,698.34,49.54,200,2025-11-27T23:29:16.526925,OK
49,bradfitz,C2,REST,478.68,5.08,200,2025-11-27T23:29:19.724160,OK
50,bradfitz,C1,REST,556.7,49.54,200,2025-11-27T23:29:21.509614,OK
51,bradfitz,C1,REST,500.28,49.54,200,2025-11-27T23:29:23.196267,OK
52,bradfitz,C3,REST,653.09,9.08,200,2025-11-27T23:29:25.281968,OK
53,bradfitz,C1,REST,331.13,0.11,401,2025-11-27T23:29:27.467909,Erro 401
54,bradfitz,C3,REST,685.86,9.08,200,2025-11-27T23:29:30.874564,OK
55,bradfitz,C2,REST,300.41,0.11,401,2025-11-27T23:29:32.480181,Erro 401
56,bradfitz,C3,REST,530.0,9.08,200,2025-11-27T23:29:35.216987,OK
57,bradfitz,C3,REST,551.24,9.08,200,2025-11-27T23:29:37.639168,OK
58,bradfitz,C3,REST,620.96,9.08,200,2025-11-27T23:29:40.971170,OK
59,bradfitz,C1,REST,568.41,49.54,200,2025-11-27T23:29:44.214228,OK
60,bradfitz,C3,REST,531.36,9.08,200,2025-11-27T23:29:47.073602,OK
61,bradfitz,C2,REST,653.58,5.08,200,2025-11-27T23:29:50.370378,OK
62,bradfitz,C1,REST,493.07,49.54,200,2025-11-27T23:29:53.656614,OK
63,bradfitz,C1,REST,581.17,49.54,200,2025-11-27T23:29:56.079658,OK
64,bradfitz,C1,REST,465.97,49.54,200,2025-11-27T23:29:58.207713,OK
65,bradfitz,C3,REST,339.49,0.11,401,2025-11-27T23:30:01.350667,Erro 401
66,bradfitz,C1,REST,572.01,49.54,200,2025-11-27T23:30:04.097664,OK
67,bradfitz,C2,REST,398.84,0.11,401,2025-11-27T23:30:05.644524,Erro 401
68,bradfitz,C2,REST,550.12,5.08,200,2025-11-27T23:30:09.046231,OK
69,bradfitz,C3,REST,674.11,9.08,200,2025-11-27T23:30:11.416355,OK
70,bradfitz,C3,REST,588.47,9.08,200,2025-11-27T23:30:13.926159,OK
71,bradfitz,C2,REST,654.14,5.08,200,2025-11-27T23:30:15.725740,OK
72,bradfitz,C3,REST,595.87,9.08,200,2025-11-27T23:30:17.764141,OK
73,bradfitz,C1,REST,465.9,49.54,200,2025-11-27T23:30:19.735879,OK
74,bradfitz,C3,REST,542.9,9.08,200,2025-11-27T23:30:23.199667,OK
75,bradfitz,C2,REST,475.49,5.08,200,2025-11-27T23:30:24.757332,OK
76,bradfitz,C3,REST,564.01,9.08,200,2025-11-27T23:30:26.409960,OK
77,bradfitz,C3,REST,588.28,0.11,401,2025-11-27T23:30:28.821030,Erro 401
78,bradfitz,C1,REST,683.71,49.54,200,2025-11-27T23:30:31.255870,OK
79,bradfitz,C1,REST,524.35,0.11,401,2025-11-27T23:30:33.604114,Erro 401
80,bradfitz,C1,REST,567.09,49.54,200,2025-11-27T23:30:37.043321,OK
81,bradfitz,C2,REST,547.13,5.08,200,2025-11-27T23:30:40.552140,OK
82,bradfitz,C1,REST,522.9,49.54,200,2025-11-27T23:30:43.056491,OK
83,bradfitz,C2,REST,651.86,5.08,200,2025-11-27T23:30:44.832342,OK
84,bradfitz,C3,REST,536.85,9.08,200,2025-11-27T23:30:47.362831,OK
85,bradfitz,C1,REST,480.59,49.54,200,2025-11-27T23:30:50.709161,OK
86,bradfitz,C2,REST,828.49,5.08,200,2025-11-27T23:30:53.457499,OK
87,bradfitz,C2,REST,770.06,5.08,200,2025-11-27T23:30:55.320101,OK
88,bradfitz,C3,REST,513.5,9.08,200,2025-11-27T23:30:57.941707,OK
89,bradfitz,C3,REST,346.72,0.11,401,2025-11-27T23:31:00.549604,Erro 401
90,bradfitz,C1,REST,693.77,49.54,200,2025-11-27T23:31:03.489767,OK
91,bradfitz,C1,REST,1534.88,0.11,401,2025-11-27T23:31:07.298569,Erro 401
92,bradfitz,C2,REST,461.17,5.08,200,2025-11-27T23:31:09.510574,OK
93,bradfitz,C2,REST,605.24,5.08,200,2025-11-27T23:31:12.405264,OK
94,bradfitz,C3,REST,749.22,9.08,200,2025-11-27T23:31:15.594548,OK
95,bradfitz,C1,REST,491.68,49.54,200,2025-11-27T23:31:19.002044,OK
96,bradfitz,C3,REST,811.77,9.08,200,2025-11-27T23:31:22.397696,OK
97,bradfitz,C3,REST,753.73,9.08,200,2025-11-27T23:31:24.247754,OK
98,bradfitz,C1,REST,819.27,49.54,200,2025-11-27T23:31:27.342529,OK
99,bradfitz,C3,REST,982.78,9.08,200,2025-11-27T23:31:30.258436,OK
100,dgtlmoon,C3,REST,372.8,0.11,401,2025-11-27T23:31:35.317100,Erro 401
101,dgtlmoon,C1,REST,618.09,55.66,200,2025-11-27T23:31:37.101007,OK
102,dgtlmoon,C3,REST,559.97,0.11,401,2025-11-27T23:31:40.363331,Erro 401
103,dgtlmoon,C2,REST,388.99,5.48,200,2025-11-27T23:31:43.119396,OK
104,dgtlmoon,C2,REST,479.02,5.48,200,2025-11-27T23:31:44.681502,OK
105,dgtlmoon,C2,REST,481.57,5.48,200,2025-11-27T23:31:48.148424,OK
106,dgtlmoon,C2,REST,625.34,5.48,200,2025-11-27T23:31:50.840884,OK
107,dgtlmoon,C1,REST,445.7,55.66,200,2025-11-27T23:31:52.785998,OK
108,dgtlmoon,C1,REST,409.54,55.66,200,2025-11-27T23:31:54.908695,OK
109,dgtlmoon,C1,REST,902.79,55.66,200,2025-11-27T23:31:58.050750,OK
110,dgtlmoon,C3,REST,560.76,0.0,200,2025-11-27T23:32:01.339323,OK
111,dgtlmoon,C3,REST,500.42,0.0,200,2025-11-27T23:32:03.780959,OK
112,dgtlmoon,C2,REST,344.56,0.11,401,2025-11-27T23:32:07.119426,Erro 401
113,dgtlmoon,C2,REST,525.0,5.48,200,2025-11-27T23:32:09.155297,OK
114,dgtlmoon,C3,REST,247.22,0.11,401,2025-11-27T23:32:12.255777,Erro 401
115,dgtlmoon,C3,REST,596.92,0.0,200,2025-11-27T23:32:14.056205,OK
116,dgtlmoon,C1,REST,535.25,55.66,200,2025-11-27T23:32:17.359787,OK
117,dgtlmoon,C2,REST,868.44,5.48,200,2025-11-27T23:32:21.106414,OK
118,dgtlmoon,C3,REST,732.49,0.0,200,2025-11-27T23:32:23.869330,OK
119,dgtlmoon,C1,REST,590.51,55.66,200,2025-11-27T23:32:26.866759,OK
120,dgtlmoon,C2,REST,599.36,5.48,200,2025-11-27T23:32:29.991776,OK
121,dgtlmoon,C3,REST,544.64,0.0,200,2025-11-27T23:32:31.836876,OK
122,dgtlmoon,C2,REST,672.65,5.48,200,2025-11-27T23:32:33.896813,OK
123,dgtlmoon,C3,REST,483.27,0.0,200,2025-11-27T23:32:36.731626,OK
124,dgtlmoon,C1,REST,443.87,0.11,401,2025-11-27T23:32:38.911842,Erro 401
125,dgtlmoon,C2,REST,550.97,5.48,200,2025-11-27T23:32:42.308734,OK
126,dgtlmoon,C1,REST,712.69,0.11,401,2025-11-27T23:32:44.675343,Erro 401
127,dgtlmoon,C2,REST,468.12,5.48,200,2025-11-27T23:32:47.725505,OK
128,dgtlmoon,C3,REST,704.75,0.0,200,2025-11-27T23:32:50.582928,OK
129,dgtlmoon,C3,REST,496.62,0.0,200,2025-11-27T23:32:52.611359,OK
130,dgtlmoon,C3,REST,855.98,0.0,200,2025-11-27T23:32:55.259766,OK
131,dgtlmoon,C2,REST,579.97,5.48,200,2025-11-27T23:32:57.614230,OK
132,dgtlmoon,C1,REST,831.62,55.66,200,2025-11-27T23:33:00.918806,OK
133,dgtlmoon,C1,REST,592.86,55.66,200,2025-11-27T23:33:03.988163,OK
134,dgtlmoon,C3,REST,431.75,0.0,200,2025-11-27T23:33:05.984438,OK
135,dgtlmoon,C1,REST,444.45,55.66,200,2025-11-27T23:33:08.569841,OK
136,dgtlmoon,C3,REST,502.57,0.11,401,2025-11-27T23:33:11.232137,Erro 401
137,dgtlmoon,C3,REST,580.46,0.0,200,2025-11-27T23:33:14.381145,OK
138,dgtlmoon,C2,REST,319.12,0.11,401,2025-11-27T23:33:16.193579,Erro 401
139,dgtlmoon,C2,REST,519.18,5.48,200,2025-11-27T23:33:18.802910,OK
140,dgtlmoon,C3,REST,533.77,0.0,200,2025-11-27T23:33:20.867558,OK
141,dgtlmoon,C3,REST,505.46,0.0,200,2025-11-27T23:33:23.949407,OK
142,dgtlmoon,C3,REST,675.34,0.0,200,2025-11-27T23:33:27.209912,OK
143,dgtlmoon,C1,REST,733.22,55.66,200,2025-11-27T23:33:30.630640,OK
144,dgtlmoon,C3,REST,439.8,0.0,200,2025-11-27T23:33:32.893130,OK
145,dgtlmoon,C1,REST,756.8,55.66,200,2025-11-27T23:33:36.337660,OK
146,dgtlmoon,C1,REST,712.89,55.66,200,2025-11-27T23:33:38.932335,OK
147,dgtlmoon,C3,REST,481.34,0.0,200,2025-11-27T23:33:40.705445,OK
148,dgtlmoon,C1,REST,466.43,0.11,401,2025-11-27T23:33:42.871567,Erro 401
149,dgtlmoon,C2,REST,693.0,5.48,200,2025-11-27T23:33:46.084981,OK
150,dgtlmoon,C1,REST,389.86,0.11,401,2025-11-27T23:33:48.857487,Erro 401
151,dgtlmoon,C2,REST,702.68,5.48,200,2025-11-27T23:33:51.930073,OK
152,dgtlmoon,C3,REST,814.88,0.0,200,2025-11-27T23:33:54.647541,OK
153,dgtlmoon,C2,REST,442.59,5.48,200,2025-11-27T23:33:56.099814,OK
154,dgtlmoon,C3,REST,585.44,0.0,200,2025-11-27T23:33:58.410531,OK
155,dgtlmoon,C2,REST,575.51,5.48,200,2025-11-27T23:34:00.827279,OK
156,dgtlmoon,C1,REST,909.89,55.66,200,2025-11-27T23:34:03.628610,OK
157,dgtlmoon,C1,REST,522.0,55.66,200,2025-11-27T23:34:05.507857,OK
158,dgtlmoon,C1,REST,1001.08,55.66,200,2025-11-27T23:34:09.513358,OK
159,dgtlmoon,C1,REST,710.34,55.66,200,2025-11-27T23:34:11.230541,OK
160,dgtlmoon,C3,REST,635.17,0.11,401,2025-11-27T23:34:13.872499,Erro 401
161,dgtlmoon,C2,REST,471.94,5.48,200,2025-11-27T23:34:16.374606,OK
162,dgtlmoon,C1,REST,430.67,0.11,401,2025-11-27T23:34:19.563082,Erro 401
163,dgtlmoon,C3,REST,342.05,0.0,200,2025-11-27T23:34:21.577309,OK
164,dgtlmoon,C2,REST,540.24,5.48,200,2025-11-27T23:34:23.278270,OK
165,dgtlmoon,C1,REST,705.72,55.66,200,2025-11-27T23:34:26.337726,OK
166,dgtlmoon,C3,REST,577.51,0.0,200,2025-11-27T23:34:28.035910,OK
167,dgtlmoon,C1,REST,409.26,55.66,200,2025-11-27T23:34:31.130397,OK
168,dgtlmoon,C2,REST,627.97,5.48,200,2025-11-27T23:34:34.460091,OK
169,dgtlmoon,C2,REST,711.54,5.48,200,2025-11-27T23:34:36.543641,OK
170,dgtlmoon,C2,REST,769.92,5.48,200,2025-11-27T23:34:39.530288,OK
171,dgtlmoon,C2,REST,371.34,5.48,200,2025-11-27T23:34:42.591203,OK
172,dgtlmoon,C1,REST,309.23,0.11,401,2025-11-27T23:34:44.665327,Erro 401
173,dgtlmoon,C2,REST,535.36,5.48,200,2025-11-27T23:34:47.479311,OK
174,dgtlmoon,C1,REST,369.34,0.11,401,2025-11-27T23:34:50.417852,Erro 401
175,dgtlmoon,C2,REST,863.96,5.48,200,2025-11-27T23:34:53.579087,OK
176,dgtlmoon,C3,REST,632.61,0.0,200,2025-11-27T23:34:56.401730,OK
177,dgtlmoon,C1,REST,837.01,55.66,200,2025-11-27T23:34:59.682095,OK
178,dgtlmoon,C1,REST,699.77,55.66,200,2025-11-27T23:35:03.335190,OK
179,dgtlmoon,C3,REST,654.79,0.0,200,2025-11-27T23:35:06.691485,OK
180,dgtlmoon,C3,REST,666.22,0.0,200,2025-11-27T23:35:08.714847,OK
181,dgtlmoon,C1,REST,604.08,55.66,200,2025-11-27T23:35:12.234897,OK
182,dgtlmoon,C3,REST,708.0,0.0,200,2025-11-27T23:35:15.047549,OK
183,dgtlmoon,C3,REST,836.94,0.0,200,2025-11-27T23:35:18.559158,OK
184,dgtlmoon,C2,REST,397.53,0.11,401,2025-11-27T23:35:21.373815,Erro 401
185,dgtlmoon,C2,REST,661.73,5.48,200,2025-11-27T23:35:24.706658,OK
186,dgtlmoon,C3,REST,253.37,0.11,401,2025-11-27T23:35:26.857227,Erro 401
187,dgtlmoon,C2,REST,696.22,5.48,200,2025-11-27T23:35:29.589491,OK
188,dgtlmoon,C3,REST,402.5,0.0,200,2025-11-27T23:35:32.508844,OK
189,dgtlmoon,C2,REST,718.25,5.48,200,2025-11-27T23:35:35.208821,OK
190,dgtlmoon,C3,REST,480.12,0.0,200,2025-11-27T23:35:38.085820,OK
191,dgtlmoon,C1,REST,659.62,55.66,200,2025-11-27T23:35:41.042220,OK
192,dgtlmoon,C1,REST,443.91,55.66,200,2025-11-27T23:35:42.735110,OK
193,dgtlmoon,C1,REST,557.64,55.66,200,2025-11-27T23:35:45.519896,OK
194,dgtlmoon,C2,REST,563.16,5.48,200,2025-11-27T23:35:48.993604,OK
195,dgtlmoon,C1,REST,879.89,55.66,200,2025-11-27T23:35:51.017099,OK
196,dgtlmoon,C2,REST,406.01,0.11,401,2025-11-27T23:35:53.998218,Erro 401
197,dgtlmoon,C1,REST,529.77,55.66,200,2025-11-27T23:35:56.064860,OK
198,dgtlmoon,C2,REST,412.43,0.11,401,2025-11-27T23:35:59.064294,Erro 401
199,aaronpowell,C1,REST,491.54,58.83,200,2025-11-27T23:36:04.723456,OK
200,aaronpowell,C2,REST,601.54,16.58,200,2025-11-27T23:36:06.635803,OK
201,aaronpowell,C1,REST,695.89,58.83,200,2025-11-27T23:36:08.904031,OK
202,aaronpowell,C2,REST,643.64,16.58,200,2025-11-27T23:36:10.740385,OK
203,aaronpowell,C3,REST,579.26,0.0,200,2025-11-27T23:36:12.970940,OK
204,aaronpowell,C1,REST,567.09,58.83,200,2025-11-27T23:36:15.849721,OK
205,aaronpowell,C1,REST,715.31,58.83,200,2025-11-27T23:36:19.237706,OK
206,aaronpowell,C2,REST,433.24,16.58,200,2025-11-27T23:36:22.321935,OK
207,aaronpowell,C3,REST,730.72,0.11,401,2025-11-27T23:36:24.457252,Erro 401
208,aaronpowell,C3,REST,458.81,0.0,200,2025-11-27T23:36:26.917901,OK
209,aaronpowell,C3,REST,818.65,0.11,401,2025-11-27T23:36:29.870474,Erro 401
210,aaronpowell,C1,REST,597.1,58.83,200,2025-11-27T23:36:32.476381,OK
211,aaronpowell,C2,REST,531.68,16.58,200,2025-11-27T23:36:35.993446,OK
212,aaronpowell,C1,REST,596.29,58.83,200,2025-11-27T23:36:38.979198,OK
213,aaronpowell,C2,REST,558.11,16.58,200,2025-11-27T23:36:41.269779,OK
214,aaronpowell,C3,REST,627.48,0.0,200,2025-11-27T23:36:43.549669,OK
215,aaronpowell,C1,REST,852.33,58.83,200,2025-11-27T23:36:45.524536,OK
216,aaronpowell,C2,REST,482.35,16.58,200,2025-11-27T23:36:47.311652,OK
217,aaronpowell,C3,REST,570.69,0.0,200,2025-11-27T23:36:50.638352,OK
218,aaronpowell,C3,REST,423.18,0.0,200,2025-11-27T23:36:54.046275,OK
219,aaronpowell,C3,REST,500.32,0.11,401,2025-11-27T23:36:56.025514,Erro 401
220,aaronpowell,C1,REST,626.98,58.83,200,2025-11-27T23:36:58.713657,OK
221,aaronpowell,C1,REST,328.44,0.11,401,2025-11-27T23:37:01.498579,Erro 401
222,aaronpowell,C1,REST,620.08,58.83,200,2025-11-27T23:37:04.468052,OK
223,aaronpowell,C2,REST,1058.05,16.58,200,2025-11-27T23:37:07.250278,OK
224,aaronpowell,C1,REST,505.35,58.83,200,2025-11-27T23:37:08.999310,OK
225,aaronpowell,C2,REST,620.92,16.58,200,2025-11-27T23:37:11.844964,OK
226,aaronpowell,C1,REST,534.54,58.83,200,2025-11-27T23:37:13.513271,OK
227,aaronpowell,C3,REST,965.24,0.0,200,2025-11-27T23:37:17.125206,OK
228,aaronpowell,C2,REST,715.02,16.58,200,2025-11-27T23:37:19.448199,OK
229,aaronpowell,C3,REST,666.22,0.0,200,2025-11-27T23:37:22.232247,OK
230,aaronpowell,C2,REST,695.18,16.58,200,2025-11-27T23:37:24.395921,OK
231,aaronpowell,C3,REST,348.83,0.11,401,2025-11-27T23:37:26.645214,Erro 401
232,aaronpowell,C2,REST,588.03,16.58,200,2025-11-27T23:37:28.633194,OK
233,aaronpowell,C3,REST,474.95,0.11,401,2025-11-27T23:37:30.399045,Erro 401
234,aaronpowell,C3,REST,919.03,0.0,200,2025-11-27T23:37:32.695584,OK
235,aaronpowell,C2,REST,562.43,16.58,200,2025-11-27T23:37:36.152514,OK
236,aaronpowell,C3,REST,649.66,0.0,200,2025-11-27T23:37:37.926134,OK
237,aaronpowell,C3,REST,511.43,0.0,200,2025-11-27T23:37:40.805571,OK
238,aaronpowell,C2,REST,566.45,16.58,200,2025-11-27T23:37:44.086144,OK
239,aaronpowell,C1,REST,644.11,58.83,200,2025-11-27T23:37:46.896787,OK
240,aaronpowell,C2,REST,787.92,16.58,200,2025-11-27T23:37:50.006455,OK
241,aaronpowell,C3,REST,498.89,0.0,200,2025-11-27T23:37:51.739390,OK
242,aaronpowell,C2,REST,712.34,16.58,200,2025-11-27T23:37:54.432456,OK
243,aaronpowell,C1,REST,615.12,0.11,401,2025-11-27T23:37:56.286265,Erro 401
244,aaronpowell,C1,REST,568.79,58.83,200,2025-11-27T23:37:59.629256,OK
245,aaronpowell,C1,REST,703.6,0.11,401,2025-11-27T23:38:01.505282,Erro 401
246,aaronpowell,C3,REST,595.13,0.0,200,2025-11-27T23:38:04.959087,OK
247,aaronpowell,C1,REST,970.89,58.83,200,2025-11-27T23:38:07.781899,OK
248,aaronpowell,C2,REST,550.54,16.58,200,2025-11-27T23:38:10.861455,OK
249,aaronpowell,C2,REST,968.36,16.58,200,2025-11-27T23:38:13.476065,OK
250,aaronpowell,C1,REST,516.81,58.83,200,2025-11-27T23:38:15.798105,OK
251,aaronpowell,C1,REST,515.26,58.83,200,2025-11-27T23:38:17.580843,OK
252,aaronpowell,C1,REST,596.37,58.83,200,2025-11-27T23:38:20.744319,OK
253,aaronpowell,C2,REST,734.76,16.58,200,2025-11-27T23:38:22.903823,OK
254,aaronpowell,C2,REST,662.99,16.58,200,2025-11-27T23:38:24.823591,OK
255,aaronpowell,C1,REST,415.83,0.11,401,2025-11-27T23:38:27.148247,Erro 401
256,aaronpowell,C2,REST,480.31,16.58,200,2025-11-27T23:38:28.994116,OK
257,aaronpowell,C3,REST,547.38,0.11,401,2025-11-27T23:38:30.885463,Erro 401
258,aaronpowell,C3,REST,598.76,0.0,200,2025-11-27T23:38:33.092545,OK
259,aaronpowell,C1,REST,537.89,58.83,200,2025-11-27T23:38:35.260150,OK
260,aaronpowell,C2,REST,815.77,16.58,200,2025-11-27T23:38:37.959791,OK
261,aaronpowell,C3,REST,403.84,0.0,200,2025-11-27T23:38:40.860098,OK
262,aaronpowell,C1,REST,509.03,58.83,200,2025-11-27T23:38:43.352126,OK
263,aaronpowell,C2,REST,579.38,16.58,200,2025-11-27T23:38:45.631763,OK
264,aaronpowell,C2,REST,976.43,16.58,200,2025-11-27T23:38:49.153155,OK
265,aaronpowell,C3,REST,454.34,0.0,200,2025-11-27T23:38:51.881085,OK
266,aaronpowell,C1,REST,582.48,58.83,200,2025-11-27T23:38:54.000769,OK
267,aaronpowell,C1,REST,401.83,0.11,401,2025-11-27T23:38:56.911670,Erro 401
268,aaronpowell,C3,REST,395.34,0.0,200,2025-11-27T23:39:00.147877,OK
269,aaronpowell,C1,REST,262.98,0.11,401,2025-11-27T23:39:02.128980,Erro 401
270,aaronpowell,C2,REST,520.55,16.58,200,2025-11-27T23:39:03.867685,OK
271,aaronpowell,C3,REST,605.97,0.0,200,2025-11-27T23:39:05.915644,OK
272,aaronpowell,C1,REST,460.5,58.83,200,2025-11-27T23:39:08.101296,OK
273,aaronpowell,C3,REST,498.22,0.0,200,2025-11-27T23:39:10.074479,OK
274,aaronpowell,C2,REST,667.48,16.58,200,2025-11-27T23:39:11.752043,OK
275,aaronpowell,C3,REST,1056.19,0.0,200,2025-11-27T23:39:15.665807,OK
276,aaronpowell,C2,REST,600.41,16.58,200,2025-11-27T23:39:18.924647,OK
277,aaronpowell,C1,REST,562.36,58.83,200,2025-11-27T23:39:21.057992,OK
278,aaronpowell,C2,REST,673.83,16.58,200,2025-11-27T23:39:24.274173,OK
279,aaronpowell,C2,REST,593.52,0.11,401,2025-11-27T23:39:26.108337,Erro 401
280,aaronpowell,C1,REST,413.05,58.83,200,2025-11-27T23:39:28.978422,OK
281,aaronpowell,C2,REST,272.06,0.11,401,2025-11-27T23:39:31.072810,Erro 401
282,aaronpowell,C1,REST,602.22,58.83,200,2025-11-27T23:39:32.811302,OK
283,aaronpowell,C3,REST,582.46,0.0,200,2025-11-27T23:39:36.325079,OK
284,aaronpowell,C1,REST,533.47,58.83,200,2025-11-27T23:39:39.298068,OK
285,aaronpowell,C1,REST,413.75,58.83,200,2025-11-27T23:39:41.027890,OK
286,aaronpowell,C3,REST,388.9,0.0,200,2025-11-27T23:39:43.547056,OK
287,aaronpowell,C3,REST,705.14,0.0,200,2025-11-27T23:39:46.931703,OK
288,aaronpowell,C3,REST,432.7,0.0,200,2025-11-27T23:39:48.763130,OK
289,aaronpowell,C2,REST,470.68,16.58,200,2025-11-27T23:39:51.314855,OK
290,aaronpowell,C3,REST,701.36,0.0,200,2025-11-27T23:39:54.579779,OK
291,aaronpowell,C1,REST,306.32,0.11,401,2025-11-27T23:39:57.442561,Erro 401
292,aaronpowell,C2,REST,483.26,16.58,200,2025-11-27T23:40:00.713594,OK
293,aaronpowell,C3,REST,416.12,0.11,401,2025-11-27T23:40:02.981378,Erro 401
294,aaronpowell,C3,REST,411.1,0.0,200,2025-11-27T23:40:05.380278,OK
295,aaronpowell,C3,REST,473.09,0.0,200,2025-11-27T23:40:06.864359,OK
296,aaronpowell,C2,REST,551.0,16.58,200,2025-11-27T23:40:08.450039,OK
297,aaronpowell,C2,REST,488.98,16.58,200,2025-11-27T23:40:11.780701,OK
298,gtsteffaniak,C1,REST,753.85,52.88,200,2025-11-27T23:40:17.255329,OK
299,gtsteffaniak,C2,REST,663.98,17.87,200,2025-11-27T23:40:20.865185,OK
300,gtsteffaniak,C3,REST,758.85,0.0,200,2025-11-27T23:40:23.918240,OK
301,gtsteffaniak,C2,REST,516.01,17.87,200,2025-11-27T23:40:27.248375,OK
302,gtsteffaniak,C1,REST,299.73,0.11,401,2025-11-27T23:40:30.517815,Erro 401
303,gtsteffaniak,C3,REST,541.96,0.0,200,2025-11-27T23:40:33.117596,OK
304,gtsteffaniak,C1,REST,450.36,0.11,401,2025-11-27T23:40:34.932671,Erro 401
305,gtsteffaniak,C2,REST,943.11,17.87,200,2025-11-27T23:40:38.269847,OK
306,gtsteffaniak,C2,REST,637.94,17.87,200,2025-11-27T23:40:40.973780,OK
307,gtsteffaniak,C2,REST,704.47,17.87,200,2025-11-27T23:40:44.552436,OK
308,gtsteffaniak,C2,REST,767.35,17.87,200,2025-11-27T23:40:47.374480,OK
309,gtsteffaniak,C1,REST,476.43,52.88,200,2025-11-27T23:40:49.297540,OK
310,gtsteffaniak,C3,REST,502.44,0.0,200,2025-11-27T23:40:51.133926,OK
311,gtsteffaniak,C2,REST,623.16,17.87,200,2025-11-27T23:40:53.456531,OK
312,gtsteffaniak,C3,REST,617.8,0.0,200,2025-11-27T23:40:55.876262,OK
313,gtsteffaniak,C1,REST,740.9,52.88,200,2025-11-27T23:40:57.667295,OK
314,gtsteffaniak,C1,REST,746.28,0.11,401,2025-11-27T23:40:59.877198,Erro 401
315,gtsteffaniak,C3,REST,663.58,0.0,200,2025-11-27T23:41:02.103580,OK
316,gtsteffaniak,C1,REST,326.05,0.11,401,2025-11-27T23:41:05.354080,Erro 401
317,gtsteffaniak,C1,REST,679.61,52.88,200,2025-11-27T23:41:07.857852,OK
318,gtsteffaniak,C3,REST,410.9,0.0,200,2025-11-27T23:41:11.167937,OK
319,gtsteffaniak,C3,REST,352.03,0.0,200,2025-11-27T23:41:13.639921,OK
320,gtsteffaniak,C1,REST,488.65,52.88,200,2025-11-27T23:41:16.223380,OK
321,gtsteffaniak,C1,REST,474.7,52.88,200,2025-11-27T23:41:18.782679,OK
322,gtsteffaniak,C2,REST,745.4,17.87,200,2025-11-27T23:41:21.751985,OK
323,gtsteffaniak,C3,REST,404.13,0.0,200,2025-11-27T23:41:24.114503,OK
324,gtsteffaniak,C3,REST,646.12,0.0,200,2025-11-27T23:41:27.486144,OK
325,gtsteffaniak,C1,REST,576.29,52.88,200,2025-11-27T23:41:30.454676,OK
326,gtsteffaniak,C3,REST,306.87,0.11,401,2025-11-27T23:41:32.389029,Erro 401
327,gtsteffaniak,C1,REST,420.58,52.88,200,2025-11-27T23:41:34.433642,OK
328,gtsteffaniak,C2,REST,598.62,0.11,401,2025-11-27T23:41:36.846235,Erro 401
329,gtsteffaniak,C1,REST,492.98,52.88,200,2025-11-27T23:41:40.290495,OK
330,gtsteffaniak,C2,REST,673.18,17.87,200,2025-11-27T23:41:43.078855,OK
331,gtsteffaniak,C1,REST,462.25,52.88,200,2025-11-27T23:41:45.444576,OK
332,gtsteffaniak,C2,REST,512.23,17.87,200,2025-11-27T23:41:48.589432,OK
333,gtsteffaniak,C2,REST,541.15,17.87,200,2025-11-27T23:41:50.398466,OK
334,gtsteffaniak,C1,REST,452.19,52.88,200,2025-11-27T23:41:52.880584,OK
335,gtsteffaniak,C1,REST,469.99,52.88,200,2025-11-27T23:41:54.476079,OK
336,gtsteffaniak,C1,REST,366.3,52.88,200,2025-11-27T23:41:56.048625,OK
337,gtsteffaniak,C1,REST,362.97,52.88,200,2025-11-27T23:41:58.801198,OK
338,gtsteffaniak,C3,REST,350.24,0.11,401,2025-11-27T23:42:01.807582,Erro 401
339,gtsteffaniak,C3,REST,510.31,0.0,200,2025-11-27T23:42:03.404943,OK
340,gtsteffaniak,C3,REST,249.99,0.11,401,2025-11-27T23:42:06.063873,Erro 401
341,gtsteffaniak,C2,REST,604.24,17.87,200,2025-11-27T23:42:07.855456,OK
342,gtsteffaniak,C2,REST,606.03,17.87,200,2025-11-27T23:42:09.774126,OK
343,gtsteffaniak,C2,REST,930.58,17.87,200,2025-11-27T23:42:13.649017,OK
344,gtsteffaniak,C3,REST,363.02,0.0,200,2025-11-27T23:42:15.084425,OK
345,gtsteffaniak,C1,REST,452.65,52.88,200,2025-11-27T23:42:17.968008,OK
346,gtsteffaniak,C2,REST,709.29,17.87,200,2025-11-27T23:42:21.635119,OK
347,gtsteffaniak,C1,REST,731.98,52.88,200,2025-11-27T23:42:24.928427,OK
348,gtsteffaniak,C3,REST,485.04,0.0,200,2025-11-27T23:42:27.766022,OK
349,gtsteffaniak,C3,REST,579.03,0.0,200,2025-11-27T23:42:30.715881,OK
350,gtsteffaniak,C1,REST,350.03,0.11,401,2025-11-27T23:42:33.538829,Erro 401
351,gtsteffaniak,C2,REST,596.37,17.87,200,2025-11-27T23:42:36.711601,OK
352,gtsteffaniak,C3,REST,658.4,0.11,401,2025-11-27T23:42:40.066922,Erro 401
353,gtsteffaniak,C3,REST,765.02,0.0,200,2025-11-27T23:42:42.424829,OK
354,gtsteffaniak,C1,REST,460.2,52.88,200,2025-11-27T23:42:45.230982,OK
355,gtsteffaniak,C1,REST,584.45,52.88,200,2025-11-27T23:42:48.194801,OK
356,gtsteffaniak,C1,REST,357.01,52.88,200,2025-11-27T23:42:49.779686,OK
357,gtsteffaniak,C2,REST,593.31,17.87,200,2025-11-27T23:42:51.867445,OK
358,gtsteffaniak,C2,REST,629.33,17.87,200,2025-11-27T23:42:54.448287,OK
359,gtsteffaniak,C3,REST,610.06,0.0,200,2025-11-27T23:42:57.950647,OK
360,gtsteffaniak,C2,REST,720.39,17.87,200,2025-11-27T23:42:59.948658,OK
361,gtsteffaniak,C3,REST,774.39,0.0,200,2025-11-27T23:43:03.034399,OK
362,gtsteffaniak,C2,REST,243.7,0.11,401,2025-11-27T23:43:06.209655,Erro 401
363,gtsteffaniak,C3,REST,532.84,0.0,200,2025-11-27T23:43:09.595014,OK
364,gtsteffaniak,C2,REST,549.2,0.11,401,2025-11-27T23:43:12.262390,Erro 401
365,gtsteffaniak,C1,REST,539.46,52.88,200,2025-11-27T23:43:15.535273,OK
366,gtsteffaniak,C3,REST,469.27,0.0,200,2025-11-27T23:43:17.993725,OK
367,gtsteffaniak,C2,REST,468.24,17.87,200,2025-11-27T23:43:20.125418,OK
368,gtsteffaniak,C3,REST,617.74,0.0,200,2025-11-27T23:43:22.515349,OK
369,gtsteffaniak,C2,REST,588.7,17.87,200,2025-11-27T23:43:24.384111,OK
370,gtsteffaniak,C2,REST,614.89,17.87,200,2025-11-27T23:43:27.017314,OK
371,gtsteffaniak,C2,REST,646.43,17.87,200,2025-11-27T23:43:29.523785,OK
372,gtsteffaniak,C3,REST,452.17,0.0,200,2025-11-27T23:43:31.055340,OK
373,gtsteffaniak,C2,REST,692.58,17.87,200,2025-11-27T23:43:34.126520,OK
374,gtsteffaniak,C1,REST,487.54,0.11,401,2025-11-27T23:43:35.874876,Erro 401
375,gtsteffaniak,C3,REST,520.57,0.0,200,2025-11-27T23:43:38.182336,OK
376,gtsteffaniak,C3,REST,692.03,0.11,401,2025-11-27T23:43:41.012763,Erro 401
377,gtsteffaniak,C3,REST,644.97,0.0,200,2025-11-27T23:43:43.857102,OK
378,gtsteffaniak,C3,REST,553.98,0.0,200,2025-11-27T23:43:46.929681,OK
379,gtsteffaniak,C1,REST,460.11,52.88,200,2025-11-27T23:43:50.309248,OK
380,gtsteffaniak,C3,REST,450.62,0.0,200,2025-11-27T23:43:53.593373,OK
381,gtsteffaniak,C2,REST,577.19,17.87,200,2025-11-27T23:43:56.612486,OK
382,gtsteffaniak,C2,REST,570.84,17.87,200,2025-11-27T23:44:00.089728,OK
383,gtsteffaniak,C1,REST,510.09,52.88,200,2025-11-27T23:44:02.936816,OK
384,gtsteffaniak,C1,REST,468.56,52.88,200,2025-11-27T23:44:05.373275,OK
385,gtsteffaniak,C3,REST,609.1,0.0,200,2025-11-27T23:44:07.666677,OK
386,gtsteffaniak,C3,REST,805.39,0.11,401,2025-11-27T23:44:11.415596,Erro 401
387,gtsteffaniak,C2,REST,618.42,17.87,200,2025-11-27T23:44:14.145327,OK
388,gtsteffaniak,C3,REST,416.49,0.11,401,2025-11-27T23:44:16.772665,Erro 401
389,gtsteffaniak,C3,REST,716.15,0.0,200,2025-11-27T23:44:19.187880,OK
390,gtsteffaniak,C1,REST,548.7,52.88,200,2025-11-27T23:44:22.602670,OK
391,gtsteffaniak,C2,REST,598.04,17.87,200,2025-11-27T23:44:24.568644,OK
392,gtsteffaniak,C2,REST,635.41,17.87,200,2025-11-27T23:44:27.585195,OK
393,gtsteffaniak,C1,REST,577.76,52.88,200,2025-11-27T23:44:30.470117,OK
394,gtsteffaniak,C2,REST,587.63,17.87,200,2025-11-27T23:44:33.646558,OK
395,gtsteffaniak,C1,REST,746.58,52.88,200,2025-11-27T23:44:36.095697,OK
396,gtsteffaniak,C1,REST,743.07,52.88,200,2025-11-27T23:44:37.916356,OK
397,junjiem,C2,REST,285.3,0.11,401,2025-11-27T23:44:42.517700,Erro 401
398,junjiem,C1,REST,449.8,54.77,200,2025-11-27T23:44:44.969933,OK
399,junjiem,C1,REST,549.57,0.11,401,2025-11-27T23:44:46.941526,Erro 401
400,junjiem,C2,REST,389.65,5.64,200,2025-11-27T23:44:48.483670,OK
401,junjiem,C3,REST,769.15,35.85,200,2025-11-27T23:44:51.584441,OK
402,junjiem,C2,REST,384.22,5.64,200,2025-11-27T23:44:54.661443,OK
403,junjiem,C2,REST,410.83,5.64,200,2025-11-27T23:44:57.922880,OK
404,junjiem,C2,REST,667.86,5.64,200,2025-11-27T23:45:00.287397,OK
405,junjiem,C3,REST,597.68,35.85,200,2025-11-27T23:45:02.018979,OK
406,junjiem,C3,REST,669.87,35.85,200,2025-11-27T23:45:05.433972,OK
407,junjiem,C2,REST,454.73,5.64,200,2025-11-27T23:45:07.839538,OK
408,junjiem,C1,REST,580.62,54.77,200,2025-11-27T23:45:09.879684,OK
409,junjiem,C2,REST,476.61,0.11,401,2025-11-27T23:45:12.365012,Erro 401
410,junjiem,C2,REST,464.38,5.64,200,2025-11-27T23:45:14.933012,OK
411,junjiem,C3,REST,404.32,0.11,401,2025-11-27T23:45:17.994510,Erro 401
412,junjiem,C3,REST,712.44,35.85,200,2025-11-27T23:45:20.545975,OK
413,junjiem,C3,REST,623.31,35.85,200,2025-11-27T23:45:23.820806,OK
414,junjiem,C3,REST,569.55,35.85,200,2025-11-27T23:45:26.798809,OK
415,junjiem,C2,REST,723.97,5.64,200,2025-11-27T23:45:28.723575,OK
416,junjiem,C3,REST,686.16,35.85,200,2025-11-27T23:45:31.879872,OK
417,junjiem,C3,REST,854.77,35.85,200,2025-11-27T23:45:35.023621,OK
418,junjiem,C3,REST,604.49,35.85,200,2025-11-27T23:45:37.639534,OK
419,junjiem,C3,REST,616.94,35.85,200,2025-11-27T23:45:40.287693,OK
420,junjiem,C3,REST,770.52,35.85,200,2025-11-27T23:45:43.999915,OK
421,junjiem,C3,REST,343.26,0.11,401,2025-11-27T23:45:45.414030,Erro 401
422,junjiem,C3,REST,606.97,35.85,200,2025-11-27T23:45:48.023315,OK
423,junjiem,C3,REST,306.55,0.11,401,2025-11-27T23:45:51.180511,Erro 401
424,junjiem,C2,REST,688.89,5.64,200,2025-11-27T23:45:54.026822,OK
425,junjiem,C2,REST,535.65,5.64,200,2025-11-27T23:45:55.665890,OK
426,junjiem,C2,REST,519.73,5.64,200,2025-11-27T23:45:58.421639,OK
427,junjiem,C1,REST,551.02,54.77,200,2025-11-27T23:46:00.267572,OK
428,junjiem,C1,REST,684.41,54.77,200,2025-11-27T23:46:02.882401,OK
429,junjiem,C2,REST,573.32,5.64,200,2025-11-27T23:46:04.604857,OK
430,junjiem,C3,REST,639.03,35.85,200,2025-11-27T23:46:06.572706,OK
431,junjiem,C1,REST,463.09,54.77,200,2025-11-27T23:46:09.120309,OK
432,junjiem,C1,REST,447.2,54.77,200,2025-11-27T23:46:11.938853,OK
433,junjiem,C1,REST,453.35,0.11,401,2025-11-27T23:46:13.938340,Erro 401
434,junjiem,C3,REST,604.12,35.85,200,2025-11-27T23:46:17.505624,OK
435,junjiem,C2,REST,438.19,0.11,401,2025-11-27T23:46:20.330804,Erro 401
436,junjiem,C2,REST,598.88,5.64,200,2025-11-27T23:46:22.194474,OK
437,junjiem,C1,REST,615.03,54.77,200,2025-11-27T23:46:24.717491,OK
438,junjiem,C1,REST,533.76,54.77,200,2025-11-27T23:46:26.874980,OK
439,junjiem,C1,REST,475.06,54.77,200,2025-11-27T23:46:29.465779,OK
440,junjiem,C3,REST,644.96,35.85,200,2025-11-27T23:46:31.902984,OK
441,junjiem,C1,REST,613.13,54.77,200,2025-11-27T23:46:35.482108,OK
442,junjiem,C3,REST,624.39,35.85,200,2025-11-27T23:46:37.208672,OK
443,junjiem,C1,REST,922.2,54.77,200,2025-11-27T23:46:39.589906,OK
444,junjiem,C2,REST,709.14,5.64,200,2025-11-27T23:46:42.443276,OK
445,junjiem,C3,REST,513.87,0.11,401,2025-11-27T23:46:44.644767,Erro 401
446,junjiem,C1,REST,1509.76,54.77,200,2025-11-27T23:46:47.834616,OK
447,junjiem,C1,REST,282.39,0.11,401,2025-11-27T23:46:49.802075,Erro 401
448,junjiem,C2,REST,522.41,5.64,200,2025-11-27T23:46:53.112507,OK
449,junjiem,C1,REST,420.07,54.77,200,2025-11-27T23:46:56.488068,OK
450,junjiem,C1,REST,589.0,54.77,200,2025-11-27T23:46:58.478650,OK
451,junjiem,C2,REST,660.19,5.64,200,2025-11-27T23:47:02.027209,OK
452,junjiem,C3,REST,650.61,35.85,200,2025-11-27T23:47:05.334447,OK
453,junjiem,C3,REST,750.08,35.85,200,2025-11-27T23:47:09.082712,OK
454,junjiem,C2,REST,622.13,5.64,200,2025-11-27T23:47:11.788117,OK
455,junjiem,C3,REST,620.83,35.85,200,2025-11-27T23:47:13.610909,OK
456,junjiem,C2,REST,620.61,5.64,200,2025-11-27T23:47:17.144414,OK
457,junjiem,C1,REST,430.3,0.11,401,2025-11-27T23:47:20.384976,Erro 401
458,junjiem,C2,REST,640.14,5.64,200,2025-11-27T23:47:23.603414,OK
459,junjiem,C2,REST,248.37,0.11,401,2025-11-27T23:47:26.378889,Erro 401
460,junjiem,C1,REST,426.27,54.77,200,2025-11-27T23:47:28.719882,OK
461,junjiem,C2,REST,488.14,5.64,200,2025-11-27T23:47:31.130101,OK
462,junjiem,C1,REST,554.65,54.77,200,2025-11-27T23:47:34.354502,OK
463,junjiem,C2,REST,392.75,5.64,200,2025-11-27T23:47:37.427273,OK
464,junjiem,C3,REST,649.76,35.85,200,2025-11-27T23:47:39.832782,OK
465,junjiem,C1,REST,683.62,54.77,200,2025-11-27T23:47:42.663624,OK
466,junjiem,C1,REST,498.13,54.77,200,2025-11-27T23:47:44.187715,OK
467,junjiem,C1,REST,540.81,54.77,200,2025-11-27T23:47:47.018161,OK
468,junjiem,C3,REST,634.0,35.85,200,2025-11-27T23:47:49.561368,OK
469,junjiem,C1,REST,301.3,0.11,401,2025-11-27T23:47:51.875483,Erro 401
470,junjiem,C2,REST,678.93,5.64,200,2025-11-27T23:47:53.636558,OK
471,junjiem,C3,REST,418.22,0.11,401,2025-11-27T23:47:56.125883,Erro 401
472,junjiem,C1,REST,456.12,54.77,200,2025-11-27T23:47:59.393129,OK
473,junjiem,C3,REST,675.15,35.85,200,2025-11-27T23:48:01.902666,OK
474,junjiem,C2,REST,550.03,5.64,200,2025-11-27T23:48:05.176158,OK
475,junjiem,C2,REST,638.9,5.64,200,2025-11-27T23:48:07.346303,OK
476,junjiem,C3,REST,720.2,35.85,200,2025-11-27T23:48:10.927569,OK
477,junjiem,C3,REST,727.73,35.85,200,2025-11-27T23:48:13.513538,OK
478,junjiem,C1,REST,482.63,54.77,200,2025-11-27T23:48:16.081805,OK
479,junjiem,C2,REST,506.89,5.64,200,2025-11-27T23:48:18.690301,OK
480,junjiem,C2,REST,602.36,5.64,200,2025-11-27T23:48:21.558935,OK
481,junjiem,C1,REST,346.95,0.11,401,2025-11-27T23:48:24.568627,Erro 401
482,junjiem,C3,REST,646.93,35.85,200,2025-11-27T23:48:27.932972,OK
483,junjiem,C1,REST,492.48,0.11,401,2025-11-27T23:48:29.956628,Erro 401
484,junjiem,C1,REST,820.82,54.77,200,2025-11-27T23:48:33.449302,OK
485,junjiem,C3,REST,617.93,35.85,200,2025-11-27T23:48:37.047540,OK
486,junjiem,C3,REST,812.48,35.85,200,2025-11-27T23:48:40.009746,OK
487,junjiem,C1,REST,580.46,54.77,200,2025-11-27T23:48:42.034804,OK
488,junjiem,C1,REST,651.03,54.77,200,2025-11-27T23:48:44.255195,OK
489,junjiem,C1,REST,421.72,54.77,200,2025-11-27T23:48:47.013988,OK
490,junjiem,C1,REST,457.7,54.77,200,2025-11-27T23:48:48.648485,OK
491,junjiem,C3,REST,761.49,35.85,200,2025-11-27T23:48:50.769679,OK
492,junjiem,C2,REST,506.83,5.64,200,2025-11-27T23:48:53.747605,OK
493,junjiem,C2,REST,444.29,0.11,401,2025-11-27T23:48:57.103901,Erro 401
494,junjiem,C2,REST,478.26,5.64,200,2025-11-27T23:49:00.477532,OK
495,junjiem,C2,REST,287.2,0.11,401,2025-11-27T23:49:02.868271,Erro 401
496,pawurb,C3,REST,641.73,35.96,200,2025-11-27T23:49:06.916648,OK
497,pawurb,C2,REST,433.4,5.3,200,2025-11-27T23:49:10.266041,OK
498,pawurb,C2,REST,800.32,5.3,200,2025-11-27T23:49:12.649680,OK
499,pawurb,C2,REST,659.69,5.3,200,2025-11-27T23:49:15.386773,OK
500,pawurb,C2,REST,465.1,5.3,200,2025-11-27T23:49:18.158784,OK
501,pawurb,C1,REST,684.86,49.47,200,2025-11-27T23:49:20.099733,OK
502,pawurb,C3,REST,608.84,35.96,200,2025-11-27T23:49:22.538507,OK
503,pawurb,C1,REST,575.13,49.47,200,2025-11-27T23:49:24.153491,OK
504,pawurb,C2,REST,530.97,0.11,401,2025-11-27T23:49:27.208744,Erro 401
505,pawurb,C1,REST,472.45,49.47,200,2025-11-27T23:49:29.144292,OK
506,pawurb,C1,REST,284.41,0.11,401,2025-11-27T23:49:31.556665,Erro 401
507,pawurb,C1,REST,756.08,49.47,200,2025-11-27T23:49:35.175209,OK
508,pawurb,C2,REST,518.22,5.3,200,2025-11-27T23:49:37.055276,OK
509,pawurb,C3,REST,738.54,35.96,200,2025-11-27T23:49:39.595073,OK
510,pawurb,C1,REST,617.61,49.47,200,2025-11-27T23:49:41.496945,OK
511,pawurb,C1,REST,616.66,49.47,200,2025-11-27T23:49:43.271142,OK
512,pawurb,C2,REST,654.19,5.3,200,2025-11-27T23:49:45.441918,OK
513,pawurb,C2,REST,367.47,5.3,200,2025-11-27T23:49:47.316898,OK
514,pawurb,C3,REST,652.94,35.96,200,2025-11-27T23:49:50.374315,OK
515,pawurb,C3,REST,739.91,35.96,200,2025-11-27T23:49:52.852876,OK
516,pawurb,C2,REST,452.53,0.11,401,2025-11-27T23:49:54.983909,Erro 401
517,pawurb,C1,REST,663.76,49.47,200,2025-11-27T23:49:58.482330,OK
518,pawurb,C2,REST,495.41,0.11,401,2025-11-27T23:50:01.643511,Erro 401
519,pawurb,C1,REST,651.41,49.47,200,2025-11-27T23:50:04.992642,OK
520,pawurb,C3,REST,771.41,35.96,200,2025-11-27T23:50:07.300257,OK
521,pawurb,C2,REST,799.32,5.3,200,2025-11-27T23:50:10.265526,OK
522,pawurb,C3,REST,725.31,35.96,200,2025-11-27T23:50:12.273529,OK
523,pawurb,C3,REST,661.55,35.96,200,2025-11-27T23:50:14.705170,OK
524,pawurb,C1,REST,906.91,49.47,200,2025-11-27T23:50:17.589288,OK
525,pawurb,C3,REST,861.24,35.96,200,2025-11-27T23:50:21.290547,OK
526,pawurb,C3,REST,745.94,35.96,200,2025-11-27T23:50:24.842107,OK
527,pawurb,C2,REST,726.85,5.3,200,2025-11-27T23:50:27.812139,OK
528,pawurb,C3,REST,364.85,0.11,401,2025-11-27T23:50:30.643211,Erro 401
529,pawurb,C2,REST,438.9,5.3,200,2025-11-27T23:50:33.646316,OK
530,pawurb,C2,REST,418.56,0.11,401,2025-11-27T23:50:36.599216,Erro 401
531,pawurb,C1,REST,667.35,49.47,200,2025-11-27T23:50:39.772420,OK
532,pawurb,C2,REST,550.21,5.3,200,2025-11-27T23:50:41.598868,OK
533,pawurb,C3,REST,486.29,35.96,200,2025-11-27T23:50:43.248618,OK
534,pawurb,C2,REST,705.35,5.3,200,2025-11-27T23:50:46.464197,OK
535,pawurb,C1,REST,571.95,49.47,200,2025-11-27T23:50:49.586895,OK
536,pawurb,C1,REST,459.18,49.47,200,2025-11-27T23:50:52.497111,OK
537,pawurb,C3,REST,642.92,35.96,200,2025-11-27T23:50:55.613795,OK
538,pawurb,C3,REST,614.13,35.96,200,2025-11-27T23:50:58.435917,OK
539,pawurb,C1,REST,575.03,49.47,200,2025-11-27T23:51:01.584688,OK
540,pawurb,C3,REST,420.78,0.11,401,2025-11-27T23:51:04.582527,Erro 401
541,pawurb,C2,REST,661.51,5.3,200,2025-11-27T23:51:07.522776,OK
542,pawurb,C2,REST,691.7,0.11,401,2025-11-27T23:51:10.052534,Erro 401
543,pawurb,C2,REST,508.19,5.3,200,2025-11-27T23:51:12.008060,OK
544,pawurb,C2,REST,431.96,5.3,200,2025-11-27T23:51:15.284419,OK
545,pawurb,C3,REST,707.01,35.96,200,2025-11-27T23:51:18.461598,OK
546,pawurb,C3,REST,601.26,35.96,200,2025-11-27T23:51:20.786827,OK
547,pawurb,C1,REST,495.01,49.47,200,2025-11-27T23:51:23.314456,OK
548,pawurb,C3,REST,563.1,35.96,200,2025-11-27T23:51:26.456905,OK
549,pawurb,C2,REST,539.0,5.3,200,2025-11-27T23:51:28.165855,OK
550,pawurb,C3,REST,705.66,35.96,200,2025-11-27T23:51:31.474958,OK
551,pawurb,C2,REST,673.31,5.3,200,2025-11-27T23:51:33.367292,OK
552,pawurb,C3,REST,394.76,0.11,401,2025-11-27T23:51:35.500525,Erro 401
553,pawurb,C1,REST,504.5,49.47,200,2025-11-27T23:51:37.673334,OK
554,pawurb,C3,REST,349.77,0.11,401,2025-11-27T23:51:39.255751,Erro 401
555,pawurb,C1,REST,630.95,49.47,200,2025-11-27T23:51:42.760022,OK
556,pawurb,C1,REST,388.83,49.47,200,2025-11-27T23:51:44.861202,OK
557,pawurb,C3,REST,548.19,35.96,200,2025-11-27T23:51:48.152587,OK
558,pawurb,C1,REST,515.6,49.47,200,2025-11-27T23:51:50.669545,OK
559,pawurb,C1,REST,546.9,49.47,200,2025-11-27T23:51:52.519932,OK
560,pawurb,C2,REST,465.56,5.3,200,2025-11-27T23:51:55.385684,OK
561,pawurb,C1,REST,858.88,49.47,200,2025-11-27T23:51:58.143168,OK
562,pawurb,C3,REST,715.16,35.96,200,2025-11-27T23:52:00.583993,OK
563,pawurb,C3,REST,515.75,35.96,200,2025-11-27T23:52:03.553594,OK
564,pawurb,C3,REST,351.69,0.11,401,2025-11-27T23:52:06.341971,Erro 401
565,pawurb,C1,REST,553.77,49.47,200,2025-11-27T23:52:08.749198,OK
566,pawurb,C1,REST,487.49,0.11,401,2025-11-27T23:52:11.649636,Erro 401
567,pawurb,C2,REST,670.4,5.3,200,2025-11-27T23:52:13.767182,OK
568,pawurb,C3,REST,612.99,35.96,200,2025-11-27T23:52:17.052085,OK
569,pawurb,C2,REST,523.59,5.3,200,2025-11-27T23:52:19.329598,OK
570,pawurb,C1,REST,619.39,49.47,200,2025-11-27T23:52:21.266614,OK
571,pawurb,C1,REST,553.62,49.47,200,2025-11-27T23:52:23.867564,OK
572,pawurb,C3,REST,764.88,35.96,200,2025-11-27T23:52:27.047762,OK
573,pawurb,C2,REST,488.33,5.3,200,2025-11-27T23:52:28.917423,OK
574,pawurb,C2,REST,382.24,5.3,200,2025-11-27T23:52:30.604504,OK
575,pawurb,C3,REST,591.05,35.96,200,2025-11-27T23:52:34.100460,OK
576,pawurb,C3,REST,503.81,0.11,401,2025-11-27T23:52:37.040569,Erro 401
577,pawurb,C2,REST,625.67,5.3,200,2025-11-27T23:52:40.029796,OK
578,pawurb,C3,REST,367.58,0.11,401,2025-11-27T23:52:42.467306,Erro 401
579,pawurb,C1,REST,534.25,49.47,200,2025-11-27T23:52:44.185193,OK
580,pawurb,C2,REST,594.84,5.3,200,2025-11-27T23:52:47.149343,OK
581,pawurb,C2,REST,813.22,5.3,200,2025-11-27T23:52:49.230331,OK
582,pawurb,C2,REST,611.64,5.3,200,2025-11-27T23:52:51.454662,OK
583,pawurb,C3,REST,506.21,35.96,200,2025-11-27T23:52:53.345545,OK
584,pawurb,C1,REST,502.24,49.47,200,2025-11-27T23:52:56.168007,OK
585,pawurb,C1,REST,588.97,49.47,200,2025-11-27T23:52:59.628901,OK
586,pawurb,C1,REST,505.13,49.47,200,2025-11-27T23:53:01.301368,OK
587,pawurb,C2,REST,633.88,5.3,200,2025-11-27T23:53:04.520492,OK
588,pawurb,C2,REST,288.15,0.11,401,2025-11-27T23:53:06.196042,Erro 401
589,pawurb,C1,REST,496.84,49.47,200,2025-11-27T23:53:09.186868,OK
590,pawurb,C1,REST,475.46,0.11,401,2025-11-27T23:53:12.309704,Erro 401
591,pawurb,C1,REST,526.21,49.47,200,2025-11-27T23:53:15.830207,OK
592,pawurb,C1,REST,509.24,49.47,200,2025-11-27T23:53:19.124364,OK
593,pawurb,C3,REST,582.51,35.96,200,2025-11-27T23:53:21.995368,OK
594,pawurb,C3,REST,525.09,35.96,200,2025-11-27T23:53:25.349613,OK
595,stephenberry,C3,REST,603.27,6.66,200,2025-11-27T23:53:30.222462,OK
596,stephenberry,C1,REST,676.32,52.86,200,2025-11-27T23:53:31.911137,OK
597,stephenberry,C1,REST,513.28,52.86,200,2025-11-27T23:53:33.770303,OK
598,stephenberry,C2,REST,667.83,5.09,200,2025-11-27T23:53:37.249911,OK
599,stephenberry,C1,REST,260.8,0.11,401,2025-11-27T23:53:39.387081,Erro 401
600,stephenberry,C3,REST,606.8,6.66,200,2025-11-27T23:53:41.016178,OK
601,stephenberry,C1,REST,503.23,0.11,401,2025-11-27T23:53:44.120305,Erro 401
602,stephenberry,C3,REST,514.84,6.66,200,2025-11-27T23:53:46.281416,OK
603,stephenberry,C2,REST,495.85,5.09,200,2025-11-27T23:53:49.268749,OK
604,stephenberry,C1,REST,498.81,52.86,200,2025-11-27T23:53:50.909497,OK
605,stephenberry,C2,REST,578.06,5.09,200,2025-11-27T23:53:54.374201,OK
606,stephenberry,C1,REST,716.52,52.86,200,2025-11-27T23:53:56.933166,OK
607,stephenberry,C3,REST,653.29,6.66,200,2025-11-27T23:54:00.194111,OK
608,stephenberry,C2,REST,775.17,5.09,200,2025-11-27T23:54:02.811004,OK
609,stephenberry,C1,REST,419.01,52.86,200,2025-11-27T23:54:05.854036,OK
610,stephenberry,C1,REST,665.91,52.86,200,2025-11-27T23:54:07.914669,OK
611,stephenberry,C3,REST,278.18,0.11,401,2025-11-27T23:54:10.514571,Erro 401
612,stephenberry,C2,REST,503.08,5.09,200,2025-11-27T23:54:13.512257,OK
613,stephenberry,C1,REST,435.15,0.11,401,2025-11-27T23:54:15.505662,Erro 401
614,stephenberry,C3,REST,543.62,6.66,200,2025-11-27T23:54:17.701374,OK
615,stephenberry,C1,REST,530.97,52.86,200,2025-11-27T23:54:19.368566,OK
616,stephenberry,C1,REST,435.35,52.86,200,2025-11-27T23:54:20.985421,OK
617,stephenberry,C2,REST,496.7,5.09,200,2025-11-27T23:54:24.104574,OK
618,stephenberry,C1,REST,569.02,52.86,200,2025-11-27T23:54:26.461646,OK
619,stephenberry,C3,REST,726.35,6.66,200,2025-11-27T23:54:29.304348,OK
620,stephenberry,C2,REST,374.48,5.09,200,2025-11-27T23:54:31.593047,OK
621,stephenberry,C1,REST,593.01,52.86,200,2025-11-27T23:54:34.909633,OK
622,stephenberry,C2,REST,551.73,5.09,200,2025-11-27T23:54:37.513643,OK
623,stephenberry,C3,REST,456.91,0.11,401,2025-11-27T23:54:39.663075,Erro 401
624,stephenberry,C2,REST,503.05,5.09,200,2025-11-27T23:54:42.844632,OK
625,stephenberry,C2,REST,315.27,0.11,401,2025-11-27T23:54:44.446180,Erro 401
626,stephenberry,C3,REST,732.03,6.66,200,2025-11-27T23:54:47.435085,OK
627,stephenberry,C2,REST,509.58,5.09,200,2025-11-27T23:54:50.866111,OK
628,stephenberry,C3,REST,637.05,6.66,200,2025-11-27T23:54:53.634518,OK
629,stephenberry,C2,REST,1031.44,5.09,200,2025-11-27T23:54:56.267744,OK
630,stephenberry,C1,REST,446.05,52.86,200,2025-11-27T23:54:58.266318,OK
631,stephenberry,C2,REST,418.97,5.09,200,2025-11-27T23:54:59.993713,OK
632,stephenberry,C2,REST,586.02,5.09,200,2025-11-27T23:55:02.991648,OK
633,stephenberry,C3,REST,617.7,6.66,200,2025-11-27T23:55:04.828655,OK
634,stephenberry,C1,REST,532.03,52.86,200,2025-11-27T23:55:07.736765,OK
635,stephenberry,C2,REST,315.69,0.11,401,2025-11-27T23:55:10.090093,Erro 401
636,stephenberry,C1,REST,671.55,52.86,200,2025-11-27T23:55:12.609906,OK
637,stephenberry,C1,REST,683.48,0.11,401,2025-11-27T23:55:15.448412,Erro 401
638,stephenberry,C1,REST,526.62,52.86,200,2025-11-27T23:55:17.758934,OK
639,stephenberry,C3,REST,561.1,6.66,200,2025-11-27T23:55:19.820168,OK
640,stephenberry,C1,REST,535.12,52.86,200,2025-11-27T23:55:21.918228,OK
641,stephenberry,C2,REST,560.08,5.09,200,2025-11-27T23:55:24.438910,OK
642,stephenberry,C3,REST,639.83,6.66,200,2025-11-27T23:55:26.507927,OK
643,stephenberry,C2,REST,783.07,5.09,200,2025-11-27T23:55:29.048328,OK
644,stephenberry,C2,REST,774.44,5.09,200,2025-11-27T23:55:30.939178,OK
645,stephenberry,C3,REST,434.54,6.66,200,2025-11-27T23:55:33.514704,OK
646,stephenberry,C2,REST,374.86,5.09,200,2025-11-27T23:55:35.766485,OK
647,stephenberry,C2,REST,340.46,0.11,401,2025-11-27T23:55:37.491962,Erro 401
648,stephenberry,C1,REST,659.0,52.86,200,2025-11-27T23:55:40.297604,OK
649,stephenberry,C3,REST,357.39,0.11,401,2025-11-27T23:55:43.507752,Erro 401
650,stephenberry,C2,REST,365.8,5.09,200,2025-11-27T23:55:45.045723,OK
651,stephenberry,C1,REST,478.24,52.86,200,2025-11-27T23:55:46.935218,OK
652,stephenberry,C1,REST,891.6,52.86,200,2025-11-27T23:55:49.207751,OK
653,stephenberry,C2,REST,624.72,5.09,200,2025-11-27T23:55:51.217915,OK
654,stephenberry,C3,REST,733.62,6.66,200,2025-11-27T23:55:53.569883,OK
655,stephenberry,C2,REST,447.16,5.09,200,2025-11-27T23:55:56.172054,OK
656,stephenberry,C2,REST,523.53,5.09,200,2025-11-27T23:55:59.427885,OK
657,stephenberry,C3,REST,668.3,6.66,200,2025-11-27T23:56:01.526432,OK
658,stephenberry,C2,REST,519.34,5.09,200,2025-11-27T23:56:04.716495,OK
659,stephenberry,C1,REST,229.03,0.11,401,2025-11-27T23:56:07.672984,Erro 401
660,stephenberry,C3,REST,570.22,6.66,200,2025-11-27T23:56:10.597581,OK
661,stephenberry,C3,REST,496.3,0.11,401,2025-11-27T23:56:12.215663,Erro 401
662,stephenberry,C1,REST,393.9,52.86,200,2025-11-27T23:56:15.532227,OK
663,stephenberry,C1,REST,386.06,52.86,200,2025-11-27T23:56:17.257851,OK
664,stephenberry,C2,REST,484.89,5.09,200,2025-11-27T23:56:19.188794,OK
665,stephenberry,C3,REST,523.61,6.66,200,2025-11-27T23:56:21.513649,OK
666,stephenberry,C3,REST,447.84,6.66,200,2025-11-27T23:56:24.511695,OK
667,stephenberry,C3,REST,518.64,6.66,200,2025-11-27T23:56:27.070236,OK
668,stephenberry,C2,REST,714.61,5.09,200,2025-11-27T23:56:29.344995,OK
669,stephenberry,C1,REST,821.0,52.86,200,2025-11-27T23:56:31.909570,OK
670,stephenberry,C1,REST,615.63,52.86,200,2025-11-27T23:56:34.631570,OK
671,stephenberry,C3,REST,288.87,0.11,401,2025-11-27T23:56:35.940169,Erro 401
672,stephenberry,C3,REST,474.07,6.66,200,2025-11-27T23:56:38.463277,OK
673,stephenberry,C3,REST,398.45,0.11,401,2025-11-27T23:56:41.191458,Erro 401
674,stephenberry,C1,REST,806.06,52.86,200,2025-11-27T23:56:43.077068,OK
675,stephenberry,C3,REST,658.53,6.66,200,2025-11-27T23:56:45.884375,OK
676,stephenberry,C3,REST,644.79,6.66,200,2025-11-27T23:56:49.476330,OK
677,stephenberry,C3,REST,619.46,6.66,200,2025-11-27T23:56:51.208463,OK
678,stephenberry,C1,REST,421.81,52.86,200,2025-11-27T23:56:53.551704,OK
679,stephenberry,C1,REST,531.53,52.86,200,2025-11-27T23:56:56.315127,OK
680,stephenberry,C2,REST,479.61,5.09,200,2025-11-27T23:56:58.711807,OK
681,stephenberry,C1,REST,494.87,52.86,200,2025-11-27T23:57:01.605508,OK
682,stephenberry,C1,REST,443.14,52.86,200,2025-11-27T23:57:04.313651,OK
683,stephenberry,C2,REST,541.42,0.11,401,2025-11-27T23:57:06.697774,Erro 401
684,stephenberry,C3,REST,523.03,6.66,200,2025-11-27T23:57:10.175643,OK
685,stephenberry,C2,REST,369.04,0.11,401,2025-11-27T23:57:13.539367,Erro 401
686,stephenberry,C1,REST,464.1,52.86,200,2025-11-27T23:57:16.334242,OK
687,stephenberry,C2,REST,718.49,5.09,200,2025-11-27T23:57:19.321989,OK
688,stephenberry,C2,REST,546.9,5.09,200,2025-11-27T23:57:21.530341,OK
689,stephenberry,C2,REST,371.84,5.09,200,2025-11-27T23:57:24.754684,OK
690,stephenberry,C3,REST,790.35,6.66,200,2025-11-27T23:57:27.566674,OK
691,stephenberry,C3,REST,549.59,6.66,200,2025-11-27T23:57:29.291022,OK
692,stephenberry,C3,REST,608.84,6.66,200,2025-11-27T23:57:31.788086,OK
693,stephenberry,C3,REST,572.71,6.66,200,2025-11-27T23:57:33.855912,OK
694,mrgrain,C2,REST,268.28,0.11,401,2025-11-27T23:57:38.995991,Erro 401
695,mrgrain,C3,REST,452.3,44.48,200,2025-11-27T23:57:41.187742,OK
696,mrgrain,C1,REST,390.26,0.11,401,2025-11-27T23:57:44.091776,Erro 401
697,mrgrain,C2,REST,569.03,5.1,200,2025-11-27T23:57:46.812623,OK
698,mrgrain,C2,REST,515.55,5.1,200,2025-11-27T23:57:50.011348,OK
699,mrgrain,C3,REST,590.02,44.48,200,2025-11-27T23:57:52.511237,OK
700,mrgrain,C1,REST,703.26,52.66,200,2025-11-27T23:57:55.708007,OK
701,mrgrain,C1,REST,605.42,52.66,200,2025-11-27T23:57:57.804500,OK
702,mrgrain,C2,REST,426.94,5.1,200,2025-11-27T23:58:00.185940,OK
703,mrgrain,C3,REST,652.17,44.48,200,2025-11-27T23:58:02.706982,OK
704,mrgrain,C3,REST,606.35,44.48,200,2025-11-27T23:58:05.125513,OK
705,mrgrain,C3,REST,867.91,44.48,200,2025-11-27T23:58:07.711755,OK
706,mrgrain,C1,REST,421.83,0.11,401,2025-11-27T23:58:09.278450,Erro 401
707,mrgrain,C1,REST,549.18,52.66,200,2025-11-27T23:58:10.938464,OK
708,mrgrain,C3,REST,383.08,0.11,401,2025-11-27T23:58:14.002375,Erro 401
709,mrgrain,C1,REST,498.32,52.66,200,2025-11-27T23:58:16.559756,OK
710,mrgrain,C1,REST,496.53,52.66,200,2025-11-27T23:58:18.513024,OK
711,mrgrain,C1,REST,517.83,52.66,200,2025-11-27T23:58:20.092166,OK
712,mrgrain,C3,REST,491.89,44.48,200,2025-11-27T23:58:21.758015,OK
713,mrgrain,C1,REST,473.48,52.66,200,2025-11-27T23:58:24.270862,OK
714,mrgrain,C1,REST,586.34,52.66,200,2025-11-27T23:58:27.142138,OK
715,mrgrain,C3,REST,638.63,44.48,200,2025-11-27T23:58:30.486464,OK
716,mrgrain,C3,REST,580.59,44.48,200,2025-11-27T23:58:32.312684,OK
717,mrgrain,C1,REST,547.85,52.66,200,2025-11-27T23:58:34.306901,OK
718,mrgrain,C2,REST,386.13,0.11,401,2025-11-27T23:58:36.312081,Erro 401
719,mrgrain,C2,REST,463.07,5.1,200,2025-11-27T23:58:38.315074,OK
720,mrgrain,C1,REST,353.16,0.11,401,2025-11-27T23:58:40.812405,Erro 401
721,mrgrain,C3,REST,463.56,44.48,200,2025-11-27T23:58:43.751806,OK
722,mrgrain,C1,REST,487.68,52.66,200,2025-11-27T23:58:47.054868,OK
723,mrgrain,C2,REST,463.86,5.1,200,2025-11-27T23:58:50.501639,OK
724,mrgrain,C1,REST,562.48,52.66,200,2025-11-27T23:58:52.146622,OK
725,mrgrain,C2,REST,539.5,5.1,200,2025-11-27T23:58:55.131061,OK
726,mrgrain,C3,REST,559.93,44.48,200,2025-11-27T23:58:57.604766,OK
727,mrgrain,C2,REST,645.76,5.1,200,2025-11-27T23:58:59.851754,OK
728,mrgrain,C3,REST,489.08,44.48,200,2025-11-27T23:59:01.935971,OK
729,mrgrain,C1,REST,757.08,52.66,200,2025-11-27T23:59:04.731931,OK
730,mrgrain,C3,REST,517.94,0.11,401,2025-11-27T23:59:07.421428,Erro 401
731,mrgrain,C1,REST,485.61,52.66,200,2025-11-27T23:59:09.602337,OK
732,mrgrain,C3,REST,297.78,0.11,401,2025-11-27T23:59:12.055461,Erro 401
733,mrgrain,C3,REST,647.32,44.48,200,2025-11-27T23:59:15.630472,OK
734,mrgrain,C1,REST,615.21,52.66,200,2025-11-27T23:59:17.488468,OK
735,mrgrain,C1,REST,462.18,52.66,200,2025-11-27T23:59:20.482051,OK
736,mrgrain,C1,REST,551.98,52.66,200,2025-11-27T23:59:23.254390,OK
737,mrgrain,C2,REST,723.67,5.1,200,2025-11-27T23:59:26.225860,OK
738,mrgrain,C1,REST,550.11,52.66,200,2025-11-27T23:59:29.670068,OK
739,mrgrain,C2,REST,561.81,5.1,200,2025-11-27T23:59:32.695643,OK
740,mrgrain,C1,REST,529.93,52.66,200,2025-11-27T23:59:34.946928,OK
741,mrgrain,C2,REST,398.04,5.1,200,2025-11-27T23:59:36.689110,OK
742,mrgrain,C2,REST,324.24,0.11,401,2025-11-27T23:59:38.836189,Erro 401
743,mrgrain,C3,REST,574.66,44.48,200,2025-11-27T23:59:41.091773,OK
744,mrgrain,C2,REST,322.87,0.11,401,2025-11-27T23:59:43.448414,Erro 401
745,mrgrain,C1,REST,530.44,52.66,200,2025-11-27T23:59:45.788510,OK
746,mrgrain,C1,REST,451.26,52.66,200,2025-11-27T23:59:48.035192,OK
747,mrgrain,C2,REST,506.69,5.1,200,2025-11-27T23:59:50.967103,OK
748,mrgrain,C2,REST,517.71,5.1,200,2025-11-27T23:59:53.306610,OK
749,mrgrain,C2,REST,496.74,5.1,200,2025-11-27T23:59:55.971613,OK
750,mrgrain,C2,REST,507.04,5.1,200,2025-11-27T23:59:58.222685,OK
751,mrgrain,C3,REST,424.41,44.48,200,2025-11-28T00:00:01.254902,OK
752,mrgrain,C1,REST,500.19,52.66,200,2025-11-28T00:00:04.069083,OK
753,mrgrain,C2,REST,551.9,5.1,200,2025-11-28T00:00:06.491282,OK
754,mrgrain,C1,REST,470.92,0.11,401,2025-11-28T00:00:08.745088,Erro 401
755,mrgrain,C1,REST,467.78,52.66,200,2025-11-28T00:00:12.041039,OK
756,mrgrain,C1,REST,310.55,0.11,401,2025-11-28T00:00:14.408201,Erro 401
757,mrgrain,C2,REST,548.09,5.1,200,2025-11-28T00:00:16.638543,OK
758,mrgrain,C1,REST,719.04,52.66,200,2025-11-28T00:00:20.147986,OK
759,mrgrain,C1,REST,717.59,52.66,200,2025-11-28T00:00:22.645185,OK
760,mrgrain,C1,REST,481.69,52.66,200,2025-11-28T00:00:24.754283,OK
761,mrgrain,C3,REST,679.71,44.48,200,2025-11-28T00:00:26.669365,OK
762,mrgrain,C3,REST,755.57,44.48,200,2025-11-28T00:00:29.586412,OK
763,mrgrain,C3,REST,513.1,44.48,200,2025-11-28T00:00:31.225794,OK
764,mrgrain,C3,REST,649.6,44.48,200,2025-11-28T00:00:34.875874,OK
765,mrgrain,C3,REST,580.51,44.48,200,2025-11-28T00:00:37.269308,OK
766,mrgrain,C3,REST,672.14,0.11,401,2025-11-28T00:00:40.795069,Erro 401
767,mrgrain,C3,REST,676.24,44.48,200,2025-11-28T00:00:42.986223,OK
768,mrgrain,C2,REST,338.18,0.11,401,2025-11-28T00:00:45.311638,Erro 401
769,mrgrain,C3,REST,578.24,44.48,200,2025-11-28T00:00:48.321089,OK
770,mrgrain,C2,REST,569.31,5.1,200,2025-11-28T00:00:51.875919,OK
771,mrgrain,C3,REST,689.57,44.48,200,2025-11-28T00:00:54.320533,OK
772,mrgrain,C1,REST,787.56,52.66,200,2025-11-28T00:00:56.158827,OK
773,mrgrain,C1,REST,713.95,52.66,200,2025-11-28T00:00:59.055512,OK
774,mrgrain,C3,REST,604.75,44.48,200,2025-11-28T00:01:00.736710,OK
775,mrgrain,C2,REST,524.19,5.1,200,2025-11-28T00:01:03.096650,OK
776,mrgrain,C2,REST,595.39,5.1,200,2025-11-28T00:01:06.250543,OK
777,mrgrain,C2,REST,503.7,5.1,200,2025-11-28T00:01:08.535920,OK
778,mrgrain,C3,REST,274.22,0.11,401,2025-11-28T00:01:11.786568,Erro 401
779,mrgrain,C2,REST,592.1,5.1,200,2025-11-28T00:01:13.607104,OK
780,mrgrain,C2,REST,449.57,0.11,401,2025-11-28T00:01:16.886695,Erro 401
781,mrgrain,C2,REST,639.04,5.1,200,2025-11-28T00:01:19.198159,OK
782,mrgrain,C3,REST,708.59,44.48,200,2025-11-28T00:01:21.068419,OK
783,mrgrain,C2,REST,618.37,5.1,200,2025-11-28T00:01:24.557568,OK
784,mrgrain,C3,REST,535.45,44.48,200,2025-11-28T00:01:27.480700,OK
785,mrgrain,C2,REST,620.39,5.1,200,2025-11-28T00:01:30.791690,OK
786,mrgrain,C3,REST,646.38,44.48,200,2025-11-28T00:01:32.604349,OK
787,mrgrain,C3,REST,511.25,44.48,200,2025-11-28T00:01:35.258496,OK
788,mrgrain,C1,REST,464.5,52.66,200,2025-11-28T00:01:37.125314,OK
789,mrgrain,C3,REST,540.86,44.48,200,2025-11-28T00:01:39.597401,OK
790,mrgrain,C2,REST,431.78,0.11,401,2025-11-28T00:01:41.780836,Erro 401
791,mrgrain,C2,REST,435.15,5.1,200,2025-11-28T00:01:43.757742,OK
792,mrgrain,C2,REST,529.7,0.11,401,2025-11-28T00:01:46.576265,Erro 401
793,me-no-dev,C2,REST,427.69,5.23,200,2025-11-28T00:01:52.407016,OK
794,me-no-dev,C3,REST,514.74,8.55,200,2025-11-28T00:01:55.806338,OK
795,me-no-dev,C3,REST,671.27,8.55,200,2025-11-28T00:01:58.550822,OK
796,me-no-dev,C1,REST,462.67,52.28,200,2025-11-28T00:02:01.745726,OK
797,me-no-dev,C2,REST,504.24,5.23,200,2025-11-28T00:02:03.369992,OK
798,me-no-dev,C2,REST,480.81,5.23,200,2025-11-28T00:02:06.013280,OK
799,me-no-dev,C1,REST,679.72,52.28,200,2025-11-28T00:02:09.311156,OK
800,me-no-dev,C1,REST,560.88,52.28,200,2025-11-28T00:02:11.619680,OK
801,me-no-dev,C1,REST,353.95,0.11,401,2025-11-28T00:02:14.634188,Erro 401
802,me-no-dev,C1,REST,844.27,52.28,200,2025-11-28T00:02:17.914042,OK
803,me-no-dev,C2,REST,774.35,0.11,401,2025-11-28T00:02:21.653706,Erro 401
804,me-no-dev,C3,REST,754.89,8.55,200,2025-11-28T00:02:23.801958,OK
805,me-no-dev,C2,REST,439.6,5.23,200,2025-11-28T00:02:25.981863,OK
806,me-no-dev,C1,REST,987.67,52.28,200,2025-11-28T00:02:28.361244,OK
807,me-no-dev,C1,REST,775.95,52.28,200,2025-11-28T00:02:31.952201,OK
808,me-no-dev,C2,REST,737.83,5.23,200,2025-11-28T00:02:34.990557,OK
809,me-no-dev,C2,REST,649.17,5.23,200,2025-11-28T00:02:37.327879,OK
810,me-no-dev,C3,REST,654.62,8.55,200,2025-11-28T00:02:39.392167,OK
811,me-no-dev,C1,REST,563.12,52.28,200,2025-11-28T00:02:41.211079,OK
812,me-no-dev,C3,REST,544.0,8.55,200,2025-11-28T00:02:43.475145,OK
813,me-no-dev,C3,REST,304.34,0.11,401,2025-11-28T00:02:46.516571,Erro 401
814,me-no-dev,C2,REST,446.84,5.23,200,2025-11-28T00:02:49.736022,OK
815,me-no-dev,C2,REST,558.35,0.11,401,2025-11-28T00:02:52.154912,Erro 401
816,me-no-dev,C1,REST,785.71,52.28,200,2025-11-28T00:02:54.995795,OK
817,me-no-dev,C3,REST,465.49,8.55,200,2025-11-28T00:02:56.752078,OK
818,me-no-dev,C3,REST,716.38,8.55,200,2025-11-28T00:02:59.027945,OK
819,me-no-dev,C1,REST,693.06,52.28,200,2025-11-28T00:03:02.418593,OK
820,me-no-dev,C1,REST,700.12,52.28,200,2025-11-28T00:03:05.847279,OK
821,me-no-dev,C3,REST,624.58,8.55,200,2025-11-28T00:03:08.765152,OK
822,me-no-dev,C3,REST,608.87,8.55,200,2025-11-28T00:03:11.542778,OK
823,me-no-dev,C2,REST,561.57,5.23,200,2025-11-28T00:03:14.140536,OK
824,me-no-dev,C1,REST,783.82,52.28,200,2025-11-28T00:03:16.181066,OK
825,me-no-dev,C1,REST,522.36,0.11,401,2025-11-28T00:03:19.631551,Erro 401
826,me-no-dev,C3,REST,528.64,8.55,200,2025-11-28T00:03:21.533776,OK
827,me-no-dev,C2,REST,588.0,0.11,401,2025-11-28T00:03:24.482294,Erro 401
828,me-no-dev,C2,REST,433.67,5.23,200,2025-11-28T00:03:27.861465,OK
829,me-no-dev,C2,REST,449.81,5.23,200,2025-11-28T00:03:31.023627,OK
830,me-no-dev,C2,REST,617.69,5.23,200,2025-11-28T00:03:33.631634,OK
831,me-no-dev,C1,REST,707.59,52.28,200,2025-11-28T00:03:35.436977,OK
832,me-no-dev,C1,REST,522.05,52.28,200,2025-11-28T00:03:38.367073,OK
833,me-no-dev,C3,REST,633.38,8.55,200,2025-11-28T00:03:40.775464,OK
834,me-no-dev,C2,REST,684.43,5.23,200,2025-11-28T00:03:42.593670,OK
835,me-no-dev,C2,REST,613.49,5.23,200,2025-11-28T00:03:45.292769,OK
836,me-no-dev,C3,REST,738.97,8.55,200,2025-11-28T00:03:47.307520,OK
837,me-no-dev,C1,REST,254.26,0.11,401,2025-11-28T00:03:49.135731,Erro 401
838,me-no-dev,C3,REST,476.03,8.55,200,2025-11-28T00:03:51.892237,OK
839,me-no-dev,C1,REST,460.58,0.11,401,2025-11-28T00:03:54.509349,Erro 401
840,me-no-dev,C2,REST,797.52,5.23,200,2025-11-28T00:03:57.278388,OK
841,me-no-dev,C1,REST,537.15,52.28,200,2025-11-28T00:03:58.874924,OK
842,me-no-dev,C2,REST,544.29,5.23,200,2025-11-28T00:04:02.369447,OK
843,me-no-dev,C3,REST,786.28,8.55,200,2025-11-28T00:04:05.513067,OK
844,me-no-dev,C1,REST,530.13,52.28,200,2025-11-28T00:04:08.001149,OK
845,me-no-dev,C3,REST,710.6,8.55,200,2025-11-28T00:04:10.703953,OK
846,me-no-dev,C2,REST,1309.45,5.23,200,2025-11-28T00:04:14.629035,OK
847,me-no-dev,C1,REST,878.83,52.28,200,2025-11-28T00:04:17.099396,OK
848,me-no-dev,C2,REST,670.46,5.23,200,2025-11-28T00:04:19.538667,OK
849,me-no-dev,C2,REST,244.32,0.11,401,2025-11-28T00:04:22.280723,Erro 401
850,me-no-dev,C3,REST,719.97,8.55,200,2025-11-28T00:04:24.738575,OK
851,me-no-dev,C1,REST,635.05,0.11,401,2025-11-28T00:04:28.307826,Erro 401
852,me-no-dev,C3,REST,500.24,8.55,200,2025-11-28T00:04:30.827463,OK
853,me-no-dev,C1,REST,722.12,52.28,200,2025-11-28T00:04:34.164869,OK
854,me-no-dev,C3,REST,594.56,8.55,200,2025-11-28T00:04:37.739784,OK
855,me-no-dev,C2,REST,670.69,5.23,200,2025-11-28T00:04:40.114364,OK
856,me-no-dev,C2,REST,648.06,5.23,200,2025-11-28T00:04:43.740642,OK
857,me-no-dev,C3,REST,713.62,8.55,200,2025-11-28T00:04:46.267924,OK
858,me-no-dev,C1,REST,622.21,52.28,200,2025-11-28T00:04:48.079771,OK
859,me-no-dev,C3,REST,816.96,8.55,200,2025-11-28T00:04:50.555282,OK
860,me-no-dev,C3,REST,691.57,8.55,200,2025-11-28T00:04:53.827718,OK
861,me-no-dev,C2,REST,605.0,0.11,401,2025-11-28T00:04:57.123015,Erro 401
862,me-no-dev,C3,REST,598.54,8.55,200,2025-11-28T00:04:58.781678,OK
863,me-no-dev,C1,REST,518.45,0.11,401,2025-11-28T00:05:00.830305,Erro 401
864,me-no-dev,C3,REST,835.36,8.55,200,2025-11-28T00:05:03.974515,OK
865,me-no-dev,C3,REST,461.95,8.55,200,2025-11-28T00:05:05.516129,OK
866,me-no-dev,C2,REST,590.42,5.23,200,2025-11-28T00:05:07.452120,OK
867,me-no-dev,C2,REST,410.09,5.23,200,2025-11-28T00:05:10.716560,OK
868,me-no-dev,C2,REST,506.35,5.23,200,2025-11-28T00:05:13.720703,OK
869,me-no-dev,C3,REST,711.38,8.55,200,2025-11-28T00:05:16.401223,OK
870,me-no-dev,C2,REST,555.1,5.23,200,2025-11-28T00:05:18.754174,OK
871,me-no-dev,C1,REST,782.44,52.28,200,2025-11-28T00:05:22.258517,OK
872,me-no-dev,C2,REST,628.32,5.23,200,2025-11-28T00:05:23.971010,OK
873,me-no-dev,C1,REST,593.96,0.11,401,2025-11-28T00:05:26.630507,Erro 401
874,me-no-dev,C1,REST,620.59,52.28,200,2025-11-28T00:05:28.263191,OK
875,me-no-dev,C2,REST,512.98,0.11,401,2025-11-28T00:05:30.989197,Erro 401
876,me-no-dev,C1,REST,530.98,52.28,200,2025-11-28T00:05:32.993433,OK
877,me-no-dev,C1,REST,523.27,52.28,200,2025-11-28T00:05:35.513339,OK
878,me-no-dev,C2,REST,541.44,5.23,200,2025-11-28T00:05:38.258869,OK
879,me-no-dev,C1,REST,511.15,52.28,200,2025-11-28T00:05:40.906003,OK
880,me-no-dev,C1,REST,599.78,52.28,200,2025-11-28T00:05:42.947782,OK
881,me-no-dev,C1,REST,619.41,52.28,200,2025-11-28T00:05:45.278264,OK
882,me-no-dev,C2,REST,541.07,5.23,200,2025-11-28T00:05:47.043404,OK
883,me-no-dev,C3,REST,880.53,8.55,200,2025-11-28T00:05:49.166872,OK
884,me-no-dev,C1,REST,704.97,52.28,200,2025-11-28T00:05:51.865620,OK
885,me-no-dev,C3,REST,270.42,0.11,401,2025-11-28T00:05:54.520210,Erro 401
886,me-no-dev,C2,REST,403.91,5.23,200,2025-11-28T00:05:57.875424,OK
887,me-no-dev,C3,REST,276.86,0.11,401,2025-11-28T00:05:59.693202,Erro 401
888,me-no-dev,C3,REST,572.96,8.55,200,2025-11-28T00:06:03.013116,OK
889,me-no-dev,C3,REST,555.88,8.55,200,2025-11-28T00:06:05.791519,OK
890,me-no-dev,C3,REST,490.1,8.55,200,2025-11-28T00:06:07.411896,OK
891,me-no-dev,C3,REST,453.14,8.55,200,2025-11-28T00:06:10.674934,OK
892,chitalian,C3,REST,366.38,0.0,200,2025-11-28T00:06:14.577079,OK
893,chitalian,C3,REST,490.36,0.0,200,2025-11-28T00:06:16.140242,OK
894,chitalian,C3,REST,591.18,0.0,200,2025-11-28T00:06:18.200349,OK
895,chitalian,C3,REST,528.91,0.0,200,2025-11-28T00:06:21.212951,OK
896,chitalian,C3,REST,509.65,0.11,401,2025-11-28T00:06:22.933345,Erro 401
897,chitalian,C3,REST,509.94,0.0,200,2025-11-28T00:06:26.201513,OK
898,chitalian,C1,REST,463.0,0.11,401,2025-11-28T00:06:27.995463,Erro 401
899,chitalian,C1,REST,636.08,51.29,200,2025-11-28T00:06:29.802542,OK
900,chitalian,C2,REST,509.13,16.7,200,2025-11-28T00:06:32.508166,OK
901,chitalian,C1,REST,721.14,51.29,200,2025-11-28T00:06:34.482071,OK
902,chitalian,C2,REST,593.69,16.7,200,2025-11-28T00:06:36.645805,OK
903,chitalian,C2,REST,675.43,16.7,200,2025-11-28T00:06:38.817822,OK
904,chitalian,C3,REST,384.72,0.0,200,2025-11-28T00:06:41.311301,OK
905,chitalian,C2,REST,465.99,16.7,200,2025-11-28T00:06:44.314899,OK
906,chitalian,C2,REST,521.43,16.7,200,2025-11-28T00:06:46.236698,OK
907,chitalian,C2,REST,654.38,16.7,200,2025-11-28T00:06:48.132535,OK
908,chitalian,C1,REST,329.99,0.11,401,2025-11-28T00:06:50.187344,Erro 401
909,chitalian,C2,REST,478.42,16.7,200,2025-11-28T00:06:51.912888,OK
910,chitalian,C2,REST,269.17,0.11,401,2025-11-28T00:06:53.403879,Erro 401
911,chitalian,C3,REST,370.25,0.0,200,2025-11-28T00:06:55.815165,OK
912,chitalian,C3,REST,414.26,0.0,200,2025-11-28T00:06:58.131968,OK
913,chitalian,C1,REST,445.55,51.29,200,2025-11-28T00:06:59.672841,OK
914,chitalian,C2,REST,579.84,16.7,200,2025-11-28T00:07:01.877838,OK
915,chitalian,C1,REST,634.96,51.29,200,2025-11-28T00:07:05.286253,OK
916,chitalian,C3,REST,495.92,0.0,200,2025-11-28T00:07:08.461937,OK
917,chitalian,C3,REST,560.42,0.0,200,2025-11-28T00:07:10.108217,OK
918,chitalian,C3,REST,551.01,0.0,200,2025-11-28T00:07:13.421296,OK
919,chitalian,C3,REST,579.6,0.0,200,2025-11-28T00:07:16.444223,OK
920,chitalian,C1,REST,260.29,0.11,401,2025-11-28T00:07:18.598519,Erro 401
921,chitalian,C2,REST,777.35,16.7,200,2025-11-28T00:07:22.099916,OK
922,chitalian,C3,REST,365.14,0.11,401,2025-11-28T00:07:24.698603,Erro 401
923,chitalian,C3,REST,578.18,0.0,200,2025-11-28T00:07:26.618095,OK
924,chitalian,C3,REST,656.2,0.0,200,2025-11-28T00:07:30.074510,OK
925,chitalian,C2,REST,858.91,16.7,200,2025-11-28T00:07:33.123764,OK
926,chitalian,C1,REST,598.73,51.29,200,2025-11-28T00:07:35.771858,OK
927,chitalian,C2,REST,444.71,16.7,200,2025-11-28T00:07:38.198982,OK
928,chitalian,C2,REST,518.73,16.7,200,2025-11-28T00:07:40.274226,OK
929,chitalian,C3,REST,627.46,0.0,200,2025-11-28T00:07:43.021349,OK
930,chitalian,C1,REST,504.06,51.29,200,2025-11-28T00:07:46.452776,OK
931,chitalian,C1,REST,456.71,51.29,200,2025-11-28T00:07:49.742162,OK
932,chitalian,C2,REST,522.19,0.11,401,2025-11-28T00:07:53.010754,Erro 401
933,chitalian,C3,REST,388.36,0.0,200,2025-11-28T00:07:54.818952,OK
934,chitalian,C3,REST,277.97,0.11,401,2025-11-28T00:07:56.112029,Erro 401
935,chitalian,C2,REST,478.24,16.7,200,2025-11-28T00:07:59.333313,OK
936,chitalian,C1,REST,682.07,51.29,200,2025-11-28T00:08:02.568071,OK
937,chitalian,C3,REST,526.46,0.0,200,2025-11-28T00:08:05.032114,OK
938,chitalian,C3,REST,339.48,0.0,200,2025-11-28T00:08:07.869748,OK
939,chitalian,C2,REST,556.79,16.7,200,2025-11-28T00:08:09.622891,OK
940,chitalian,C1,REST,666.78,51.29,200,2025-11-28T00:08:13.125148,OK
941,chitalian,C2,REST,847.7,16.7,200,2025-11-28T00:08:15.160786,OK
942,chitalian,C2,REST,481.1,16.7,200,2025-11-28T00:08:17.879626,OK
943,chitalian,C1,REST,719.58,51.29,200,2025-11-28T00:08:21.049960,OK
944,chitalian,C2,REST,329.33,0.11,401,2025-11-28T00:08:23.450523,Erro 401
945,chitalian,C2,REST,680.3,16.7,200,2025-11-28T00:08:26.219971,OK
946,chitalian,C1,REST,504.71,0.11,401,2025-11-28T00:08:28.690551,Erro 401
947,chitalian,C1,REST,707.02,51.29,200,2025-11-28T00:08:31.890109,OK
948,chitalian,C1,REST,767.42,51.29,200,2025-11-28T00:08:34.821719,OK
949,chitalian,C1,REST,787.26,51.29,200,2025-11-28T00:08:36.960062,OK
950,chitalian,C1,REST,511.28,51.29,200,2025-11-28T00:08:40.452652,OK
951,chitalian,C1,REST,690.17,51.29,200,2025-11-28T00:08:43.900443,OK
952,chitalian,C3,REST,601.69,0.0,200,2025-11-28T00:08:47.092390,OK
953,chitalian,C3,REST,577.99,0.0,200,2025-11-28T00:08:48.907361,OK
954,chitalian,C1,REST,583.41,51.29,200,2025-11-28T00:08:51.267205,OK
955,chitalian,C1,REST,600.54,51.29,200,2025-11-28T00:08:53.004442,OK
956,chitalian,C1,REST,456.35,0.11,401,2025-11-28T00:08:55.893843,Erro 401
957,chitalian,C3,REST,468.35,0.0,200,2025-11-28T00:08:57.438828,OK
958,chitalian,C2,REST,274.89,0.11,401,2025-11-28T00:09:00.308483,Erro 401
959,chitalian,C1,REST,1003.73,51.29,200,2025-11-28T00:09:02.889719,OK
960,chitalian,C1,REST,732.41,51.29,200,2025-11-28T00:09:05.445163,OK
961,chitalian,C1,REST,587.53,51.29,200,2025-11-28T00:09:07.795519,OK
962,chitalian,C1,REST,489.56,51.29,200,2025-11-28T00:09:11.266687,OK
963,chitalian,C2,REST,677.46,16.7,200,2025-11-28T00:09:14.442479,OK
964,chitalian,C2,REST,518.81,16.7,200,2025-11-28T00:09:17.880875,OK
965,chitalian,C3,REST,831.62,0.0,200,2025-11-28T00:09:20.808765,OK
966,chitalian,C1,REST,833.79,51.29,200,2025-11-28T00:09:23.370351,OK
967,chitalian,C3,REST,665.39,0.0,200,2025-11-28T00:09:26.348863,OK
968,chitalian,C1,REST,736.46,0.11,401,2025-11-28T00:09:28.400156,Erro 401
969,chitalian,C3,REST,480.66,0.0,200,2025-11-28T00:09:30.111669,OK
970,chitalian,C2,REST,539.35,0.11,401,2025-11-28T00:09:32.093816,Erro 401
971,chitalian,C2,REST,556.65,16.7,200,2025-11-28T00:09:34.246357,OK
972,chitalian,C2,REST,656.56,16.7,200,2025-11-28T00:09:36.114488,OK
973,chitalian,C1,REST,1062.5,51.29,200,2025-11-28T00:09:40.174566,OK
974,chitalian,C1,REST,501.18,51.29,200,2025-11-28T00:09:41.690025,OK
975,chitalian,C3,REST,555.9,0.0,200,2025-11-28T00:09:44.778810,OK
976,chitalian,C3,REST,652.69,0.0,200,2025-11-28T00:09:46.470157,OK
977,chitalian,C3,REST,442.73,0.0,200,2025-11-28T00:09:49.237581,OK
978,chitalian,C2,REST,911.42,16.7,200,2025-11-28T00:09:51.310306,OK
979,chitalian,C2,REST,552.37,16.7,200,2025-11-28T00:09:53.873886,OK
980,chitalian,C2,REST,335.82,0.11,401,2025-11-28T00:09:55.469912,Erro 401
981,chitalian,C2,REST,732.64,16.7,200,2025-11-28T00:09:58.038303,OK
982,chitalian,C1,REST,532.6,0.11,401,2025-11-28T00:09:59.604408,Erro 401
983,chitalian,C3,REST,659.15,0.0,200,2025-11-28T00:10:01.528250,OK
984,chitalian,C2,REST,674.55,16.7,200,2025-11-28T00:10:04.010213,OK
985,chitalian,C1,REST,675.75,51.29,200,2025-11-28T00:10:06.761345,OK
986,chitalian,C3,REST,590.1,0.0,200,2025-11-28T00:10:09.317694,OK
987,chitalian,C3,REST,473.4,0.0,200,2025-11-28T00:10:11.883874,OK
988,chitalian,C1,REST,661.77,51.29,200,2025-11-28T00:10:13.847823,OK
989,chitalian,C2,REST,489.54,16.7,200,2025-11-28T00:10:17.074906,OK
990,chitalian,C2,REST,912.5,16.7,200,2025-11-28T00:10:20.043496,OK
